"TIME","GEO","UNIT","PERS_INV","Value","Flag and Footnotes"
"2001","Belgium","Number","Passengers","274",""
"2001","Belgium","Number","Drivers","1,054",""
"2001","Belgium","Number","Pedestrians","158",""
"2001","Bulgaria","Number","Passengers",":",""
"2001","Bulgaria","Number","Drivers",":",""
"2001","Bulgaria","Number","Pedestrians",":",""
"2001","Czechia","Number","Passengers","315",""
"2001","Czechia","Number","Drivers","696",""
"2001","Czechia","Number","Pedestrians","322",""
"2001","Denmark","Number","Passengers","82",""
"2001","Denmark","Number","Drivers","299",""
"2001","Denmark","Number","Pedestrians","49",""
"2001","Germany (until 1990 former territory of the FRG)","Number","Passengers","1,244",""
"2001","Germany (until 1990 former territory of the FRG)","Number","Drivers","4,833",""
"2001","Germany (until 1990 former territory of the FRG)","Number","Pedestrians","900",""
"2001","Estonia","Number","Passengers",":",""
"2001","Estonia","Number","Drivers",":",""
"2001","Estonia","Number","Pedestrians",":",""
"2001","Ireland","Number","Passengers","106",""
"2001","Ireland","Number","Drivers","217",""
"2001","Ireland","Number","Pedestrians","89",""
"2001","Greece","Number","Passengers","411",""
"2001","Greece","Number","Drivers","1,131",""
"2001","Greece","Number","Pedestrians","338",""
"2001","Spain","Number","Passengers","1,431",""
"2001","Spain","Number","Drivers","3,202",""
"2001","Spain","Number","Pedestrians","845",""
"2001","France","Number","Passengers","1,713",""
"2001","France","Number","Drivers","5,605",""
"2001","France","Number","Pedestrians","818",""
"2001","Croatia","Number","Passengers",":",""
"2001","Croatia","Number","Drivers",":",""
"2001","Croatia","Number","Pedestrians",":",""
"2001","Italy","Number","Passengers","1,541",""
"2001","Italy","Number","Drivers","4,523",""
"2001","Italy","Number","Pedestrians","1,032",""
"2001","Cyprus","Number","Passengers",":",""
"2001","Cyprus","Number","Drivers",":",""
"2001","Cyprus","Number","Pedestrians",":",""
"2001","Latvia","Number","Passengers",":",""
"2001","Latvia","Number","Drivers",":",""
"2001","Latvia","Number","Pedestrians",":",""
"2001","Lithuania","Number","Passengers",":",""
"2001","Lithuania","Number","Drivers",":",""
"2001","Lithuania","Number","Pedestrians",":",""
"2001","Luxembourg","Number","Passengers","15",""
"2001","Luxembourg","Number","Drivers","44",""
"2001","Luxembourg","Number","Pedestrians","11",""
"2001","Hungary","Number","Passengers",":",""
"2001","Hungary","Number","Drivers",":",""
"2001","Hungary","Number","Pedestrians",":",""
"2001","Malta","Number","Passengers",":",""
"2001","Malta","Number","Drivers",":",""
"2001","Malta","Number","Pedestrians",":",""
"2001","Netherlands","Number","Passengers","139",""
"2001","Netherlands","Number","Drivers","748",""
"2001","Netherlands","Number","Pedestrians","106",""
"2001","Austria","Number","Passengers","182",""
"2001","Austria","Number","Drivers","659",""
"2001","Austria","Number","Pedestrians","117",""
"2001","Poland","Number","Passengers","1,280",""
"2001","Poland","Number","Drivers","2,388",""
"2001","Poland","Number","Pedestrians","1,866",""
"2001","Portugal","Number","Passengers","370",""
"2001","Portugal","Number","Drivers","952",""
"2001","Portugal","Number","Pedestrians","333",""
"2001","Romania","Number","Passengers","588",""
"2001","Romania","Number","Drivers","774",""
"2001","Romania","Number","Pedestrians","1,088",""
"2001","Slovenia","Number","Passengers","60",""
"2001","Slovenia","Number","Drivers","175",""
"2001","Slovenia","Number","Pedestrians","42",""
"2001","Slovakia","Number","Passengers","139",""
"2001","Slovakia","Number","Drivers","288",""
"2001","Slovakia","Number","Pedestrians","198",""
"2001","Finland","Number","Passengers","89",""
"2001","Finland","Number","Drivers","282",""
"2001","Finland","Number","Pedestrians","62",""
"2001","Sweden","Number","Passengers","125",""
"2001","Sweden","Number","Drivers","371",""
"2001","Sweden","Number","Pedestrians","87",""
"2001","United Kingdom","Number","Passengers","694",""
"2001","United Kingdom","Number","Drivers","2,046",""
"2001","United Kingdom","Number","Pedestrians","858",""
"2001","Iceland","Number","Passengers",":",""
"2001","Iceland","Number","Drivers",":",""
"2001","Iceland","Number","Pedestrians",":",""
"2001","Liechtenstein","Number","Passengers",":",""
"2001","Liechtenstein","Number","Drivers",":",""
"2001","Liechtenstein","Number","Pedestrians",":",""
"2001","Norway","Number","Passengers","62",""
"2001","Norway","Number","Drivers","168",""
"2001","Norway","Number","Pedestrians","45",""
"2001","Switzerland","Number","Passengers","66",""
"2001","Switzerland","Number","Drivers","374",""
"2001","Switzerland","Number","Pedestrians","104",""
"2002","Belgium","Number","Passengers","216",""
"2002","Belgium","Number","Drivers","962",""
"2002","Belgium","Number","Pedestrians","127",""
"2002","Bulgaria","Number","Passengers",":",""
"2002","Bulgaria","Number","Drivers",":",""
"2002","Bulgaria","Number","Pedestrians",":",""
"2002","Czechia","Number","Passengers","331",""
"2002","Czechia","Number","Drivers","791",""
"2002","Czechia","Number","Pedestrians","308",""
"2002","Denmark","Number","Passengers","90",""
"2002","Denmark","Number","Drivers","310",""
"2002","Denmark","Number","Pedestrians","63",""
"2002","Germany (until 1990 former territory of the FRG)","Number","Passengers","1,239",""
"2002","Germany (until 1990 former territory of the FRG)","Number","Drivers","4,730",""
"2002","Germany (until 1990 former territory of the FRG)","Number","Pedestrians","873",""
"2002","Estonia","Number","Passengers",":",""
"2002","Estonia","Number","Drivers",":",""
"2002","Estonia","Number","Pedestrians",":",""
"2002","Ireland","Number","Passengers","81",""
"2002","Ireland","Number","Drivers","211",""
"2002","Ireland","Number","Pedestrians","86",""
"2002","Greece","Number","Passengers","376",""
"2002","Greece","Number","Drivers","979",""
"2002","Greece","Number","Pedestrians","279",""
"2002","Spain","Number","Passengers","1,417",""
"2002","Spain","Number","Drivers","3,125",""
"2002","Spain","Number","Pedestrians","770",""
"2002","France","Number","Passengers","1,541",""
"2002","France","Number","Drivers","5,226",""
"2002","France","Number","Pedestrians","863",""
"2002","Croatia","Number","Passengers",":",""
"2002","Croatia","Number","Drivers",":",""
"2002","Croatia","Number","Pedestrians",":",""
"2002","Italy","Number","Passengers","1,472",""
"2002","Italy","Number","Drivers","4,282",""
"2002","Italy","Number","Pedestrians","1,226",""
"2002","Cyprus","Number","Passengers",":",""
"2002","Cyprus","Number","Drivers",":",""
"2002","Cyprus","Number","Pedestrians",":",""
"2002","Latvia","Number","Passengers",":",""
"2002","Latvia","Number","Drivers",":",""
"2002","Latvia","Number","Pedestrians",":",""
"2002","Lithuania","Number","Passengers",":",""
"2002","Lithuania","Number","Drivers",":",""
"2002","Lithuania","Number","Pedestrians",":",""
"2002","Luxembourg","Number","Passengers","15",""
"2002","Luxembourg","Number","Drivers","41",""
"2002","Luxembourg","Number","Pedestrians","6",""
"2002","Hungary","Number","Passengers",":",""
"2002","Hungary","Number","Drivers",":",""
"2002","Hungary","Number","Pedestrians",":",""
"2002","Malta","Number","Passengers",":",""
"2002","Malta","Number","Drivers",":",""
"2002","Malta","Number","Pedestrians",":",""
"2002","Netherlands","Number","Passengers","159",""
"2002","Netherlands","Number","Drivers","731",""
"2002","Netherlands","Number","Pedestrians","97",""
"2002","Austria","Number","Passengers","172",""
"2002","Austria","Number","Drivers","624",""
"2002","Austria","Number","Pedestrians","160",""
"2002","Poland","Number","Passengers","1,294",""
"2002","Poland","Number","Drivers","2,545",""
"2002","Poland","Number","Pedestrians","1,987",""
"2002","Portugal","Number","Passengers","377",""
"2002","Portugal","Number","Drivers","940",""
"2002","Portugal","Number","Pedestrians","336",""
"2002","Romania","Number","Passengers","547",""
"2002","Romania","Number","Drivers","763",""
"2002","Romania","Number","Pedestrians","1,101",""
"2002","Slovenia","Number","Passengers","64",""
"2002","Slovenia","Number","Drivers","163",""
"2002","Slovenia","Number","Pedestrians","41",""
"2002","Slovakia","Number","Passengers","142",""
"2002","Slovakia","Number","Drivers","285",""
"2002","Slovakia","Number","Pedestrians","198",""
"2002","Finland","Number","Passengers","95",""
"2002","Finland","Number","Drivers","280",""
"2002","Finland","Number","Pedestrians","40",""
"2002","Sweden","Number","Passengers","124",""
"2002","Sweden","Number","Drivers","378",""
"2002","Sweden","Number","Pedestrians","58",""
"2002","United Kingdom","Number","Passengers","720",""
"2002","United Kingdom","Number","Drivers","2,053",""
"2002","United Kingdom","Number","Pedestrians","808",""
"2002","Iceland","Number","Passengers","16",""
"2002","Iceland","Number","Drivers","12",""
"2002","Iceland","Number","Pedestrians","1",""
"2002","Liechtenstein","Number","Passengers",":",""
"2002","Liechtenstein","Number","Drivers",":",""
"2002","Liechtenstein","Number","Pedestrians",":",""
"2002","Norway","Number","Passengers","77",""
"2002","Norway","Number","Drivers","198",""
"2002","Norway","Number","Pedestrians","35",""
"2002","Switzerland","Number","Passengers","73",""
"2002","Switzerland","Number","Drivers","344",""
"2002","Switzerland","Number","Pedestrians","96",""
"2003","Belgium","Number","Passengers","170",""
"2003","Belgium","Number","Drivers","930",""
"2003","Belgium","Number","Pedestrians","113",""
"2003","Bulgaria","Number","Passengers",":",""
"2003","Bulgaria","Number","Drivers",":",""
"2003","Bulgaria","Number","Pedestrians",":",""
"2003","Czechia","Number","Passengers","340",""
"2003","Czechia","Number","Drivers","817",""
"2003","Czechia","Number","Pedestrians","290",""
"2003","Denmark","Number","Passengers","81",""
"2003","Denmark","Number","Drivers","300",""
"2003","Denmark","Number","Pedestrians","49",""
"2003","Germany (until 1990 former territory of the FRG)","Number","Passengers","1,149",""
"2003","Germany (until 1990 former territory of the FRG)","Number","Drivers","4,652",""
"2003","Germany (until 1990 former territory of the FRG)","Number","Pedestrians","812",""
"2003","Estonia","Number","Passengers",":",""
"2003","Estonia","Number","Drivers",":",""
"2003","Estonia","Number","Pedestrians",":",""
"2003","Ireland","Number","Passengers","75",""
"2003","Ireland","Number","Drivers","198",""
"2003","Ireland","Number","Pedestrians","64",""
"2003","Greece","Number","Passengers","338",""
"2003","Greece","Number","Drivers","1,010",""
"2003","Greece","Number","Pedestrians","257",""
"2003","Spain","Number","Passengers","1,401",""
"2003","Spain","Number","Drivers","3,187",""
"2003","Spain","Number","Pedestrians","785",""
"2003","France","Number","Passengers","1,193",""
"2003","France","Number","Drivers","4,218",""
"2003","France","Number","Pedestrians","623",""
"2003","Croatia","Number","Passengers",":",""
"2003","Croatia","Number","Drivers",":",""
"2003","Croatia","Number","Pedestrians",":",""
"2003","Italy","Number","Passengers","1,413",""
"2003","Italy","Number","Drivers","4,279",""
"2003","Italy","Number","Pedestrians","871",""
"2003","Cyprus","Number","Passengers",":",""
"2003","Cyprus","Number","Drivers",":",""
"2003","Cyprus","Number","Pedestrians",":",""
"2003","Latvia","Number","Passengers",":",""
"2003","Latvia","Number","Drivers",":",""
"2003","Latvia","Number","Pedestrians",":",""
"2003","Lithuania","Number","Passengers",":",""
"2003","Lithuania","Number","Drivers",":",""
"2003","Lithuania","Number","Pedestrians",":",""
"2003","Luxembourg","Number","Passengers","10",""
"2003","Luxembourg","Number","Drivers","36",""
"2003","Luxembourg","Number","Pedestrians","7",""
"2003","Hungary","Number","Passengers","334",""
"2003","Hungary","Number","Drivers","693",""
"2003","Hungary","Number","Pedestrians","299",""
"2003","Malta","Number","Passengers",":",""
"2003","Malta","Number","Drivers",":",""
"2003","Malta","Number","Pedestrians",":",""
"2003","Netherlands","Number","Passengers","163",""
"2003","Netherlands","Number","Drivers","767",""
"2003","Netherlands","Number","Pedestrians","97",""
"2003","Austria","Number","Passengers","175",""
"2003","Austria","Number","Drivers","624",""
"2003","Austria","Number","Pedestrians","132",""
"2003","Poland","Number","Passengers","1,262",""
"2003","Poland","Number","Drivers","2,501",""
"2003","Poland","Number","Pedestrians","1,879",""
"2003","Portugal","Number","Passengers","304",""
"2003","Portugal","Number","Drivers","942",""
"2003","Portugal","Number","Pedestrians","277",""
"2003","Romania","Number","Passengers","501",""
"2003","Romania","Number","Drivers","784",""
"2003","Romania","Number","Pedestrians","944",""
"2003","Slovenia","Number","Passengers","51",""
"2003","Slovenia","Number","Drivers","153",""
"2003","Slovenia","Number","Pedestrians","38",""
"2003","Slovakia","Number","Passengers","140",""
"2003","Slovakia","Number","Drivers","315",""
"2003","Slovakia","Number","Pedestrians","198",""
"2003","Finland","Number","Passengers","73",""
"2003","Finland","Number","Drivers","247",""
"2003","Finland","Number","Pedestrians","59",""
"2003","Sweden","Number","Passengers","114",""
"2003","Sweden","Number","Drivers","360",""
"2003","Sweden","Number","Pedestrians","55",""
"2003","United Kingdom","Number","Passengers","707",""
"2003","United Kingdom","Number","Drivers","2,149",""
"2003","United Kingdom","Number","Pedestrians","802",""
"2003","Iceland","Number","Passengers","9",""
"2003","Iceland","Number","Drivers","11",""
"2003","Iceland","Number","Pedestrians","3",""
"2003","Liechtenstein","Number","Passengers",":",""
"2003","Liechtenstein","Number","Drivers",":",""
"2003","Liechtenstein","Number","Pedestrians",":",""
"2003","Norway","Number","Passengers","63",""
"2003","Norway","Number","Drivers","183",""
"2003","Norway","Number","Pedestrians","34",""
"2003","Switzerland","Number","Passengers","84",""
"2003","Switzerland","Number","Drivers","371",""
"2003","Switzerland","Number","Pedestrians","91",""
"2004","Belgium","Number","Passengers","155",""
"2004","Belgium","Number","Drivers","906",""
"2004","Belgium","Number","Pedestrians","101",""
"2004","Bulgaria","Number","Passengers",":",""
"2004","Bulgaria","Number","Drivers",":",""
"2004","Bulgaria","Number","Pedestrians",":",""
"2004","Czechia","Number","Passengers","324",""
"2004","Czechia","Number","Drivers","777",""
"2004","Czechia","Number","Pedestrians","281",""
"2004","Denmark","Number","Passengers","57",""
"2004","Denmark","Number","Drivers","269",""
"2004","Denmark","Number","Pedestrians","43",""
"2004","Germany (until 1990 former territory of the FRG)","Number","Passengers","1,005",""
"2004","Germany (until 1990 former territory of the FRG)","Number","Drivers","3,999",""
"2004","Germany (until 1990 former territory of the FRG)","Number","Pedestrians","838",""
"2004","Estonia","Number","Passengers",":",""
"2004","Estonia","Number","Drivers",":",""
"2004","Estonia","Number","Pedestrians",":",""
"2004","Ireland","Number","Passengers","95",""
"2004","Ireland","Number","Drivers","216",""
"2004","Ireland","Number","Pedestrians","66",""
"2004","Greece","Number","Passengers","360",""
"2004","Greece","Number","Drivers","1,017",""
"2004","Greece","Number","Pedestrians","293",""
"2004","Spain","Number","Passengers","1,182",""
"2004","Spain","Number","Drivers","2,848",""
"2004","Spain","Number","Pedestrians","685",""
"2004","France","Number","Passengers","1,048",""
"2004","France","Number","Drivers","3,878",""
"2004","France","Number","Pedestrians","580",""
"2004","Croatia","Number","Passengers",":",""
"2004","Croatia","Number","Drivers",":",""
"2004","Croatia","Number","Pedestrians",":",""
"2004","Italy","Number","Passengers","1,245",""
"2004","Italy","Number","Drivers","4,067",""
"2004","Italy","Number","Pedestrians","810",""
"2004","Cyprus","Number","Passengers",":",""
"2004","Cyprus","Number","Drivers",":",""
"2004","Cyprus","Number","Pedestrians",":",""
"2004","Latvia","Number","Passengers","132",""
"2004","Latvia","Number","Drivers","187",""
"2004","Latvia","Number","Pedestrians","197",""
"2004","Lithuania","Number","Passengers",":",""
"2004","Lithuania","Number","Drivers",":",""
"2004","Lithuania","Number","Pedestrians",":",""
"2004","Luxembourg","Number","Passengers","6",""
"2004","Luxembourg","Number","Drivers","32",""
"2004","Luxembourg","Number","Pedestrians","12",""
"2004","Hungary","Number","Passengers","269",""
"2004","Hungary","Number","Drivers","701",""
"2004","Hungary","Number","Pedestrians","326",""
"2004","Malta","Number","Passengers",":",""
"2004","Malta","Number","Drivers",":",""
"2004","Malta","Number","Pedestrians",":",""
"2004","Netherlands","Number","Passengers","140",""
"2004","Netherlands","Number","Drivers","596",""
"2004","Netherlands","Number","Pedestrians","68",""
"2004","Austria","Number","Passengers","140",""
"2004","Austria","Number","Drivers","606",""
"2004","Austria","Number","Pedestrians","132",""
"2004","Poland","Number","Passengers","1,173",""
"2004","Poland","Number","Drivers","2,552",""
"2004","Poland","Number","Pedestrians","1,987",""
"2004","Portugal","Number","Passengers","285",""
"2004","Portugal","Number","Drivers","767",""
"2004","Portugal","Number","Pedestrians","231",""
"2004","Romania","Number","Passengers","574",""
"2004","Romania","Number","Drivers","807",""
"2004","Romania","Number","Pedestrians","1,059",""
"2004","Slovenia","Number","Passengers","62",""
"2004","Slovenia","Number","Drivers","177",""
"2004","Slovenia","Number","Pedestrians","35",""
"2004","Slovakia","Number","Passengers","143",""
"2004","Slovakia","Number","Drivers","266",""
"2004","Slovakia","Number","Pedestrians","199",""
"2004","Finland","Number","Passengers","101",""
"2004","Finland","Number","Drivers","225",""
"2004","Finland","Number","Pedestrians","49",""
"2004","Sweden","Number","Passengers","101",""
"2004","Sweden","Number","Drivers","312",""
"2004","Sweden","Number","Pedestrians","67",""
"2004","United Kingdom","Number","Passengers","673",""
"2004","United Kingdom","Number","Drivers","2,001",""
"2004","United Kingdom","Number","Pedestrians","694",""
"2004","Iceland","Number","Passengers","7",""
"2004","Iceland","Number","Drivers","13",""
"2004","Iceland","Number","Pedestrians","3",""
"2004","Liechtenstein","Number","Passengers",":",""
"2004","Liechtenstein","Number","Drivers",":",""
"2004","Liechtenstein","Number","Pedestrians",":",""
"2004","Norway","Number","Passengers","64",""
"2004","Norway","Number","Drivers","171",""
"2004","Norway","Number","Pedestrians","22",""
"2004","Switzerland","Number","Passengers","72",""
"2004","Switzerland","Number","Drivers","343",""
"2004","Switzerland","Number","Pedestrians","95",""
"2005","Belgium","Number","Passengers","173",""
"2005","Belgium","Number","Drivers","808",""
"2005","Belgium","Number","Pedestrians","108",""
"2005","Bulgaria","Number","Passengers",":",""
"2005","Bulgaria","Number","Drivers",":",""
"2005","Bulgaria","Number","Pedestrians",":",""
"2005","Czechia","Number","Passengers","277",""
"2005","Czechia","Number","Drivers","711",""
"2005","Czechia","Number","Pedestrians","298",""
"2005","Denmark","Number","Passengers","53",""
"2005","Denmark","Number","Drivers","233",""
"2005","Denmark","Number","Pedestrians","44",""
"2005","Germany (until 1990 former territory of the FRG)","Number","Passengers","822",""
"2005","Germany (until 1990 former territory of the FRG)","Number","Drivers","3,853",""
"2005","Germany (until 1990 former territory of the FRG)","Number","Pedestrians","686",""
"2005","Estonia","Number","Passengers","36",""
"2005","Estonia","Number","Drivers","82",""
"2005","Estonia","Number","Pedestrians","50",""
"2005","Ireland","Number","Passengers","95",""
"2005","Ireland","Number","Drivers","233",""
"2005","Ireland","Number","Pedestrians","72",""
"2005","Greece","Number","Passengers","371",""
"2005","Greece","Number","Drivers","1,053",""
"2005","Greece","Number","Pedestrians","234",""
"2005","Spain","Number","Passengers","1,003",""
"2005","Spain","Number","Drivers","2,727",""
"2005","Spain","Number","Pedestrians","676",""
"2005","France","Number","Passengers","984",""
"2005","France","Number","Drivers","3,699",""
"2005","France","Number","Pedestrians","635",""
"2005","Croatia","Number","Passengers",":",""
"2005","Croatia","Number","Drivers",":",""
"2005","Croatia","Number","Pedestrians",":",""
"2005","Italy","Number","Passengers","1,137",""
"2005","Italy","Number","Drivers","3,895",""
"2005","Italy","Number","Pedestrians","786",""
"2005","Cyprus","Number","Passengers","20",""
"2005","Cyprus","Number","Drivers","59",""
"2005","Cyprus","Number","Pedestrians","23",""
"2005","Latvia","Number","Passengers","105",""
"2005","Latvia","Number","Drivers","163",""
"2005","Latvia","Number","Pedestrians","174",""
"2005","Lithuania","Number","Passengers",":",""
"2005","Lithuania","Number","Drivers",":",""
"2005","Lithuania","Number","Pedestrians",":",""
"2005","Luxembourg","Number","Passengers","11",""
"2005","Luxembourg","Number","Drivers","34",""
"2005","Luxembourg","Number","Pedestrians","2",""
"2005","Hungary","Number","Passengers","292",""
"2005","Hungary","Number","Drivers","697",""
"2005","Hungary","Number","Pedestrians","289",""
"2005","Malta","Number","Passengers","6",""
"2005","Malta","Number","Drivers","5",""
"2005","Malta","Number","Pedestrians","6",""
"2005","Netherlands","Number","Passengers","102",""
"2005","Netherlands","Number","Drivers","565",""
"2005","Netherlands","Number","Pedestrians","83",""
"2005","Austria","Number","Passengers","127",""
"2005","Austria","Number","Drivers","544",""
"2005","Austria","Number","Pedestrians","97",""
"2005","Poland","Number","Passengers","1,216",""
"2005","Poland","Number","Drivers","2,472",""
"2005","Poland","Number","Pedestrians","1,756",""
"2005","Portugal","Number","Passengers","254",""
"2005","Portugal","Number","Drivers","762",""
"2005","Portugal","Number","Pedestrians","212",""
"2005","Romania","Number","Passengers","709",""
"2005","Romania","Number","Drivers","940",""
"2005","Romania","Number","Pedestrians","978",""
"2005","Slovenia","Number","Passengers","55",""
"2005","Slovenia","Number","Drivers","165",""
"2005","Slovenia","Number","Pedestrians","37",""
"2005","Slovakia","Number","Passengers","145",""
"2005","Slovakia","Number","Drivers","287",""
"2005","Slovakia","Number","Pedestrians","174",""
"2005","Finland","Number","Passengers","74",""
"2005","Finland","Number","Drivers","260",""
"2005","Finland","Number","Pedestrians","45",""
"2005","Sweden","Number","Passengers","88",""
"2005","Sweden","Number","Drivers","300",""
"2005","Sweden","Number","Pedestrians","50",""
"2005","United Kingdom","Number","Passengers","635",""
"2005","United Kingdom","Number","Drivers","2,002",""
"2005","United Kingdom","Number","Pedestrians","699",""
"2005","Iceland","Number","Passengers","4",""
"2005","Iceland","Number","Drivers","14",""
"2005","Iceland","Number","Pedestrians","1",""
"2005","Liechtenstein","Number","Passengers",":",""
"2005","Liechtenstein","Number","Drivers",":",""
"2005","Liechtenstein","Number","Pedestrians",":",""
"2005","Norway","Number","Passengers","52",""
"2005","Norway","Number","Drivers","140",""
"2005","Norway","Number","Pedestrians","32",""
"2005","Switzerland","Number","Passengers","65",""
"2005","Switzerland","Number","Drivers","275",""
"2005","Switzerland","Number","Pedestrians","69",""
"2006","Belgium","Number","Passengers","141",""
"2006","Belgium","Number","Drivers","805",""
"2006","Belgium","Number","Pedestrians","122",""
"2006","Bulgaria","Number","Passengers",":",""
"2006","Bulgaria","Number","Drivers",":",""
"2006","Bulgaria","Number","Pedestrians",":",""
"2006","Czechia","Number","Passengers","222",""
"2006","Czechia","Number","Drivers","639",""
"2006","Czechia","Number","Pedestrians","202",""
"2006","Denmark","Number","Passengers","46",""
"2006","Denmark","Number","Drivers","200",""
"2006","Denmark","Number","Pedestrians","60",""
"2006","Germany (until 1990 former territory of the FRG)","Number","Passengers","791",""
"2006","Germany (until 1990 former territory of the FRG)","Number","Drivers","3,589",""
"2006","Germany (until 1990 former territory of the FRG)","Number","Pedestrians","711",""
"2006","Estonia","Number","Passengers","36",""
"2006","Estonia","Number","Drivers","100",""
"2006","Estonia","Number","Pedestrians","64",""
"2006","Ireland","Number","Passengers","90",""
"2006","Ireland","Number","Drivers","203",""
"2006","Ireland","Number","Pedestrians","72",""
"2006","Greece","Number","Passengers","313",""
"2006","Greece","Number","Drivers","1,077",""
"2006","Greece","Number","Pedestrians","267",""
"2006","Spain","Number","Passengers","905",""
"2006","Spain","Number","Drivers","2,555",""
"2006","Spain","Number","Pedestrians","609",""
"2006","France","Number","Passengers","848",""
"2006","France","Number","Drivers","3,326",""
"2006","France","Number","Pedestrians","535",""
"2006","Croatia","Number","Passengers",":",""
"2006","Croatia","Number","Drivers",":",""
"2006","Croatia","Number","Pedestrians",":",""
"2006","Italy","Number","Passengers","1,163",""
"2006","Italy","Number","Drivers","3,748",""
"2006","Italy","Number","Pedestrians","758",""
"2006","Cyprus","Number","Passengers","15",""
"2006","Cyprus","Number","Drivers","52",""
"2006","Cyprus","Number","Pedestrians","19",""
"2006","Latvia","Number","Passengers","82",""
"2006","Latvia","Number","Drivers","172",""
"2006","Latvia","Number","Pedestrians","153",""
"2006","Lithuania","Number","Passengers",":",""
"2006","Lithuania","Number","Drivers",":",""
"2006","Lithuania","Number","Pedestrians",":",""
"2006","Luxembourg","Number","Passengers","6",""
"2006","Luxembourg","Number","Drivers","27",""
"2006","Luxembourg","Number","Pedestrians","10",""
"2006","Hungary","Number","Passengers","284",""
"2006","Hungary","Number","Drivers","723",""
"2006","Hungary","Number","Pedestrians","296",""
"2006","Malta","Number","Passengers","1",""
"2006","Malta","Number","Drivers","6",""
"2006","Malta","Number","Pedestrians","4",""
"2006","Netherlands","Number","Passengers","106",""
"2006","Netherlands","Number","Drivers","558",""
"2006","Netherlands","Number","Pedestrians","66",""
"2006","Austria","Number","Passengers","119",""
"2006","Austria","Number","Drivers","501",""
"2006","Austria","Number","Pedestrians","110",""
"2006","Poland","Number","Passengers","1,147",""
"2006","Poland","Number","Drivers","2,294",""
"2006","Poland","Number","Pedestrians","1,802",""
"2006","Portugal","Number","Passengers","177",""
"2006","Portugal","Number","Drivers","619",""
"2006","Portugal","Number","Pedestrians","153",""
"2006","Romania","Number","Passengers","645",""
"2006","Romania","Number","Drivers","908",""
"2006","Romania","Number","Pedestrians","1,034",""
"2006","Slovenia","Number","Passengers","55",""
"2006","Slovenia","Number","Drivers","171",""
"2006","Slovenia","Number","Pedestrians","36",""
"2006","Slovakia","Number","Passengers","134",""
"2006","Slovakia","Number","Drivers","266",""
"2006","Slovakia","Number","Pedestrians","214",""
"2006","Finland","Number","Passengers","54",""
"2006","Finland","Number","Drivers","233",""
"2006","Finland","Number","Pedestrians","49",""
"2006","Sweden","Number","Passengers","81",""
"2006","Sweden","Number","Drivers","305",""
"2006","Sweden","Number","Pedestrians","55",""
"2006","United Kingdom","Number","Passengers","648",""
"2006","United Kingdom","Number","Drivers","1,953",""
"2006","United Kingdom","Number","Pedestrians","697",""
"2006","Iceland","Number","Passengers","8",""
"2006","Iceland","Number","Drivers","19",""
"2006","Iceland","Number","Pedestrians","4",""
"2006","Liechtenstein","Number","Passengers",":",""
"2006","Liechtenstein","Number","Drivers",":",""
"2006","Liechtenstein","Number","Pedestrians",":",""
"2006","Norway","Number","Passengers","40",""
"2006","Norway","Number","Drivers","166",""
"2006","Norway","Number","Pedestrians","36",""
"2006","Switzerland","Number","Passengers","51",""
"2006","Switzerland","Number","Drivers","243",""
"2006","Switzerland","Number","Pedestrians","76",""
"2007","Belgium","Number","Passengers","132",""
"2007","Belgium","Number","Drivers","834",""
"2007","Belgium","Number","Pedestrians","104",""
"2007","Bulgaria","Number","Passengers",":",""
"2007","Bulgaria","Number","Drivers",":",""
"2007","Bulgaria","Number","Pedestrians",":",""
"2007","Czechia","Number","Passengers","237",""
"2007","Czechia","Number","Drivers","752",""
"2007","Czechia","Number","Pedestrians","232",""
"2007","Denmark","Number","Passengers","57",""
"2007","Denmark","Number","Drivers","281",""
"2007","Denmark","Number","Pedestrians","68",""
"2007","Germany (until 1990 former territory of the FRG)","Number","Passengers","736",""
"2007","Germany (until 1990 former territory of the FRG)","Number","Drivers","3,518",""
"2007","Germany (until 1990 former territory of the FRG)","Number","Pedestrians","695",""
"2007","Estonia","Number","Passengers","49",""
"2007","Estonia","Number","Drivers","105",""
"2007","Estonia","Number","Pedestrians","38",""
"2007","Ireland","Number","Passengers","71",""
"2007","Ireland","Number","Drivers","186",""
"2007","Ireland","Number","Pedestrians","81",""
"2007","Greece","Number","Passengers","344",""
"2007","Greece","Number","Drivers","1,013",""
"2007","Greece","Number","Pedestrians","255",""
"2007","Spain","Number","Passengers","790",""
"2007","Spain","Number","Drivers","2,407",""
"2007","Spain","Number","Pedestrians","588",""
"2007","France","Number","Passengers","820",""
"2007","France","Number","Drivers","3,239",""
"2007","France","Number","Pedestrians","561",""
"2007","Croatia","Number","Passengers","158",""
"2007","Croatia","Number","Drivers","337",""
"2007","Croatia","Number","Pedestrians","124",""
"2007","Italy","Number","Passengers","859",""
"2007","Italy","Number","Drivers","3,645",""
"2007","Italy","Number","Pedestrians","627",""
"2007","Cyprus","Number","Passengers","13",""
"2007","Cyprus","Number","Drivers","59",""
"2007","Cyprus","Number","Pedestrians","17",""
"2007","Latvia","Number","Passengers","85",""
"2007","Latvia","Number","Drivers","176",""
"2007","Latvia","Number","Pedestrians","158",""
"2007","Lithuania","Number","Passengers",":",""
"2007","Lithuania","Number","Drivers",":",""
"2007","Lithuania","Number","Pedestrians",":",""
"2007","Luxembourg","Number","Passengers","10",""
"2007","Luxembourg","Number","Drivers","29",""
"2007","Luxembourg","Number","Pedestrians","7",""
"2007","Hungary","Number","Passengers","257",""
"2007","Hungary","Number","Drivers","687",""
"2007","Hungary","Number","Pedestrians","288",""
"2007","Malta","Number","Passengers","1",""
"2007","Malta","Number","Drivers","8",""
"2007","Malta","Number","Pedestrians","3",""
"2007","Netherlands","Number","Passengers","105",""
"2007","Netherlands","Number","Drivers","518",""
"2007","Netherlands","Number","Pedestrians","86",""
"2007","Austria","Number","Passengers","109",""
"2007","Austria","Number","Drivers","474",""
"2007","Austria","Number","Pedestrians","108",""
"2007","Poland","Number","Passengers","1,192",""
"2007","Poland","Number","Drivers","2,440",""
"2007","Poland","Number","Pedestrians","1,951",""
"2007","Portugal","Number","Passengers","206",""
"2007","Portugal","Number","Drivers","597",""
"2007","Portugal","Number","Pedestrians","155",""
"2007","Romania","Number","Passengers","687",""
"2007","Romania","Number","Drivers","999",""
"2007","Romania","Number","Pedestrians","1,113",""
"2007","Slovenia","Number","Passengers","64",""
"2007","Slovenia","Number","Drivers","196",""
"2007","Slovenia","Number","Pedestrians","32",""
"2007","Slovakia","Number","Passengers","123",""
"2007","Slovakia","Number","Drivers","321",""
"2007","Slovakia","Number","Pedestrians","217",""
"2007","Finland","Number","Passengers","69",""
"2007","Finland","Number","Drivers","263",""
"2007","Finland","Number","Pedestrians","48",""
"2007","Sweden","Number","Passengers","89",""
"2007","Sweden","Number","Drivers","321",""
"2007","Sweden","Number","Pedestrians","58",""
"2007","United Kingdom","Number","Passengers","577",""
"2007","United Kingdom","Number","Drivers","1,819",""
"2007","United Kingdom","Number","Pedestrians","663",""
"2007","Iceland","Number","Passengers","1",""
"2007","Iceland","Number","Drivers","13",""
"2007","Iceland","Number","Pedestrians","1",""
"2007","Liechtenstein","Number","Passengers",":",""
"2007","Liechtenstein","Number","Drivers",":",""
"2007","Liechtenstein","Number","Pedestrians",":",""
"2007","Norway","Number","Passengers","53",""
"2007","Norway","Number","Drivers","157",""
"2007","Norway","Number","Pedestrians","23",""
"2007","Switzerland","Number","Passengers","44",""
"2007","Switzerland","Number","Drivers","261",""
"2007","Switzerland","Number","Pedestrians","79",""
"2008","Belgium","Number","Passengers","151",""
"2008","Belgium","Number","Drivers","692",""
"2008","Belgium","Number","Pedestrians","99",""
"2008","Bulgaria","Number","Passengers","308",""
"2008","Bulgaria","Number","Drivers","475",""
"2008","Bulgaria","Number","Pedestrians","278",""
"2008","Czechia","Number","Passengers","209",""
"2008","Czechia","Number","Drivers","629",""
"2008","Czechia","Number","Pedestrians","238",""
"2008","Denmark","Number","Passengers","60",""
"2008","Denmark","Number","Drivers","288",""
"2008","Denmark","Number","Pedestrians","58",""
"2008","Germany (until 1990 former territory of the FRG)","Number","Passengers","705",""
"2008","Germany (until 1990 former territory of the FRG)","Number","Drivers","3,119",""
"2008","Germany (until 1990 former territory of the FRG)","Number","Pedestrians","653",""
"2008","Estonia","Number","Passengers","30",""
"2008","Estonia","Number","Drivers","60",""
"2008","Estonia","Number","Pedestrians","41",""
"2008","Ireland","Number","Passengers","60",""
"2008","Ireland","Number","Drivers","171",""
"2008","Ireland","Number","Pedestrians","49",""
"2008","Greece","Number","Passengers","285",""
"2008","Greece","Number","Drivers","1,020",""
"2008","Greece","Number","Pedestrians","248",""
"2008","Spain","Number","Passengers","653",""
"2008","Spain","Number","Drivers","1,913",""
"2008","Spain","Number","Pedestrians","498",""
"2008","France","Number","Passengers","750",""
"2008","France","Number","Drivers","2,977",""
"2008","France","Number","Pedestrians","548",""
"2008","Croatia","Number","Passengers","154",""
"2008","Croatia","Number","Drivers","373",""
"2008","Croatia","Number","Pedestrians","136",""
"2008","Italy","Number","Passengers","780",""
"2008","Italy","Number","Drivers","3,299",""
"2008","Italy","Number","Pedestrians","646",""
"2008","Cyprus","Number","Passengers","11",""
"2008","Cyprus","Number","Drivers","55",""
"2008","Cyprus","Number","Pedestrians","16",""
"2008","Latvia","Number","Passengers","81",""
"2008","Latvia","Number","Drivers","130",""
"2008","Latvia","Number","Pedestrians","105",""
"2008","Lithuania","Number","Passengers",":",""
"2008","Lithuania","Number","Drivers",":",""
"2008","Lithuania","Number","Pedestrians",":",""
"2008","Luxembourg","Number","Passengers","2",""
"2008","Luxembourg","Number","Drivers","27",""
"2008","Luxembourg","Number","Pedestrians","6",""
"2008","Hungary","Number","Passengers","203",""
"2008","Hungary","Number","Drivers","542",""
"2008","Hungary","Number","Pedestrians","251",""
"2008","Malta","Number","Passengers","0",""
"2008","Malta","Number","Drivers","8",""
"2008","Malta","Number","Pedestrians","1",""
"2008","Netherlands","Number","Passengers","91",""
"2008","Netherlands","Number","Drivers","530",""
"2008","Netherlands","Number","Pedestrians","56",""
"2008","Austria","Number","Passengers","97",""
"2008","Austria","Number","Drivers","480",""
"2008","Austria","Number","Pedestrians","102",""
"2008","Poland","Number","Passengers","1,183",""
"2008","Poland","Number","Drivers","2,372",""
"2008","Poland","Number","Pedestrians","1,882",""
"2008","Portugal","Number","Passengers","162",""
"2008","Portugal","Number","Drivers","551",""
"2008","Portugal","Number","Pedestrians","154",""
"2008","Romania","Number","Passengers","769",""
"2008","Romania","Number","Drivers","1,229",""
"2008","Romania","Number","Pedestrians","1,067",""
"2008","Slovenia","Number","Passengers","28",""
"2008","Slovenia","Number","Drivers","146",""
"2008","Slovenia","Number","Pedestrians","39",""
"2008","Slovakia","Number","Passengers","120",""
"2008","Slovakia","Number","Drivers","282",""
"2008","Slovakia","Number","Pedestrians","204",""
"2008","Finland","Number","Passengers","63",""
"2008","Finland","Number","Drivers","228",""
"2008","Finland","Number","Pedestrians","53",""
"2008","Sweden","Number","Passengers","62",""
"2008","Sweden","Number","Drivers","286",""
"2008","Sweden","Number","Pedestrians","45",""
"2008","United Kingdom","Number","Passengers","460",""
"2008","United Kingdom","Number","Drivers","1,594",""
"2008","United Kingdom","Number","Pedestrians","591",""
"2008","Iceland","Number","Passengers","2",""
"2008","Iceland","Number","Drivers","10",""
"2008","Iceland","Number","Pedestrians","0",""
"2008","Liechtenstein","Number","Passengers",":",""
"2008","Liechtenstein","Number","Drivers",":",""
"2008","Liechtenstein","Number","Pedestrians",":",""
"2008","Norway","Number","Passengers","51",""
"2008","Norway","Number","Drivers","173",""
"2008","Norway","Number","Pedestrians","31",""
"2008","Switzerland","Number","Passengers","48",""
"2008","Switzerland","Number","Drivers","250",""
"2008","Switzerland","Number","Pedestrians","59",""
"2009","Belgium","Number","Passengers","140",""
"2009","Belgium","Number","Drivers","701",""
"2009","Belgium","Number","Pedestrians","101",""
"2009","Bulgaria","Number","Passengers","267",""
"2009","Bulgaria","Number","Drivers","436",""
"2009","Bulgaria","Number","Pedestrians","198",""
"2009","Czechia","Number","Passengers","180",""
"2009","Czechia","Number","Drivers","544",""
"2009","Czechia","Number","Pedestrians","176",""
"2009","Denmark","Number","Passengers","53",""
"2009","Denmark","Number","Drivers","198",""
"2009","Denmark","Number","Pedestrians","52",""
"2009","Germany (until 1990 former territory of the FRG)","Number","Passengers","623",""
"2009","Germany (until 1990 former territory of the FRG)","Number","Drivers","2,938",""
"2009","Germany (until 1990 former territory of the FRG)","Number","Pedestrians","591",""
"2009","Estonia","Number","Passengers","26",""
"2009","Estonia","Number","Drivers","49",""
"2009","Estonia","Number","Pedestrians","23",""
"2009","Ireland","Number","Passengers","42",""
"2009","Ireland","Number","Drivers","156",""
"2009","Ireland","Number","Pedestrians","40",""
"2009","Greece","Number","Passengers","290",""
"2009","Greece","Number","Drivers","964",""
"2009","Greece","Number","Pedestrians","202",""
"2009","Spain","Number","Passengers","533",""
"2009","Spain","Number","Drivers","1,683",""
"2009","Spain","Number","Pedestrians","471",""
"2009","France","Number","Passengers","738",""
"2009","France","Number","Drivers","3,039",""
"2009","France","Number","Pedestrians","496",""
"2009","Croatia","Number","Passengers","140",""
"2009","Croatia","Number","Drivers","305",""
"2009","Croatia","Number","Pedestrians","103",""
"2009","Italy","Number","Passengers","636",""
"2009","Italy","Number","Drivers","2,934",""
"2009","Italy","Number","Pedestrians","667",""
"2009","Cyprus","Number","Passengers","18",""
"2009","Cyprus","Number","Drivers","44",""
"2009","Cyprus","Number","Pedestrians","9",""
"2009","Latvia","Number","Passengers","57",""
"2009","Latvia","Number","Drivers","115",""
"2009","Latvia","Number","Pedestrians","82",""
"2009","Lithuania","Number","Passengers",":",""
"2009","Lithuania","Number","Drivers",":",""
"2009","Lithuania","Number","Pedestrians",":",""
"2009","Luxembourg","Number","Passengers","9",""
"2009","Luxembourg","Number","Drivers","27",""
"2009","Luxembourg","Number","Pedestrians","12",""
"2009","Hungary","Number","Passengers","146",""
"2009","Hungary","Number","Drivers","490",""
"2009","Hungary","Number","Pedestrians","186",""
"2009","Malta","Number","Passengers","3",""
"2009","Malta","Number","Drivers","8",""
"2009","Malta","Number","Pedestrians","4",""
"2009","Netherlands","Number","Passengers","92",""
"2009","Netherlands","Number","Drivers","488",""
"2009","Netherlands","Number","Pedestrians","63",""
"2009","Austria","Number","Passengers","112",""
"2009","Austria","Number","Drivers","420",""
"2009","Austria","Number","Pedestrians","101",""
"2009","Poland","Number","Passengers","939",""
"2009","Poland","Number","Drivers","2,166",""
"2009","Poland","Number","Pedestrians","1,467",""
"2009","Portugal","Number","Passengers","166",""
"2009","Portugal","Number","Drivers","510",""
"2009","Portugal","Number","Pedestrians","147",""
"2009","Romania","Number","Passengers","726",""
"2009","Romania","Number","Drivers","1,055",""
"2009","Romania","Number","Pedestrians","1,015",""
"2009","Slovenia","Number","Passengers","36",""
"2009","Slovenia","Number","Drivers","110",""
"2009","Slovenia","Number","Pedestrians","24",""
"2009","Slovakia","Number","Passengers","93",""
"2009","Slovakia","Number","Drivers","178",""
"2009","Slovakia","Number","Pedestrians","113",""
"2009","Finland","Number","Passengers","66",""
"2009","Finland","Number","Drivers","183",""
"2009","Finland","Number","Pedestrians","30",""
"2009","Sweden","Number","Passengers","58",""
"2009","Sweden","Number","Drivers","248",""
"2009","Sweden","Number","Pedestrians","44",""
"2009","United Kingdom","Number","Passengers","430",""
"2009","United Kingdom","Number","Drivers","1,383",""
"2009","United Kingdom","Number","Pedestrians","524",""
"2009","Iceland","Number","Passengers","6",""
"2009","Iceland","Number","Drivers","9",""
"2009","Iceland","Number","Pedestrians","2",""
"2009","Liechtenstein","Number","Passengers",":",""
"2009","Liechtenstein","Number","Drivers",":",""
"2009","Liechtenstein","Number","Pedestrians",":",""
"2009","Norway","Number","Passengers","50",""
"2009","Norway","Number","Drivers","136",""
"2009","Norway","Number","Pedestrians","26",""
"2009","Switzerland","Number","Passengers","43",""
"2009","Switzerland","Number","Drivers","246",""
"2009","Switzerland","Number","Pedestrians","60",""
"2010","Belgium","Number","Passengers","136",""
"2010","Belgium","Number","Drivers","596",""
"2010","Belgium","Number","Pedestrians","106",""
"2010","Bulgaria","Number","Passengers","239",""
"2010","Bulgaria","Number","Drivers","361",""
"2010","Bulgaria","Number","Pedestrians","174",""
"2010","Czechia","Number","Passengers","139",""
"2010","Czechia","Number","Drivers","495",""
"2010","Czechia","Number","Pedestrians","168",""
"2010","Denmark","Number","Passengers","52",""
"2010","Denmark","Number","Drivers","159",""
"2010","Denmark","Number","Pedestrians","44",""
"2010","Germany (until 1990 former territory of the FRG)","Number","Passengers","588",""
"2010","Germany (until 1990 former territory of the FRG)","Number","Drivers","2,584",""
"2010","Germany (until 1990 former territory of the FRG)","Number","Pedestrians","476",""
"2010","Estonia","Number","Passengers","16",""
"2010","Estonia","Number","Drivers","49",""
"2010","Estonia","Number","Pedestrians","14",""
"2010","Ireland","Number","Passengers","55",""
"2010","Ireland","Number","Drivers","113",""
"2010","Ireland","Number","Pedestrians","44",""
"2010","Greece","Number","Passengers","241",""
"2010","Greece","Number","Drivers","838",""
"2010","Greece","Number","Pedestrians","179",""
"2010","Spain","Number","Passengers","480",""
"2010","Spain","Number","Drivers","1,492",""
"2010","Spain","Number","Pedestrians","472",""
"2010","France","Number","Passengers","672",""
"2010","France","Number","Drivers","2,835",""
"2010","France","Number","Pedestrians","485",""
"2010","Croatia","Number","Passengers","88",""
"2010","Croatia","Number","Drivers","233",""
"2010","Croatia","Number","Pedestrians","105",""
"2010","Italy","Number","Passengers","641",""
"2010","Italy","Number","Drivers","2,852",""
"2010","Italy","Number","Pedestrians","621",""
"2010","Cyprus","Number","Passengers","9",""
"2010","Cyprus","Number","Drivers","38",""
"2010","Cyprus","Number","Pedestrians","13",""
"2010","Latvia","Number","Passengers","48",""
"2010","Latvia","Number","Drivers","91",""
"2010","Latvia","Number","Pedestrians","79",""
"2010","Lithuania","Number","Passengers",":",""
"2010","Lithuania","Number","Drivers",":",""
"2010","Lithuania","Number","Pedestrians",":",""
"2010","Luxembourg","Number","Passengers","6",""
"2010","Luxembourg","Number","Drivers","25",""
"2010","Luxembourg","Number","Pedestrians","1",""
"2010","Hungary","Number","Passengers","161",""
"2010","Hungary","Number","Drivers","387",""
"2010","Hungary","Number","Pedestrians","192",""
"2010","Malta","Number","Passengers","4",""
"2010","Malta","Number","Drivers","7",""
"2010","Malta","Number","Pedestrians","2",""
"2010","Netherlands","Number","Passengers","66",""
"2010","Netherlands","Number","Drivers","409",""
"2010","Netherlands","Number","Pedestrians","62",""
"2010","Austria","Number","Passengers","80",""
"2010","Austria","Number","Drivers","374",""
"2010","Austria","Number","Pedestrians","98",""
"2010","Poland","Number","Passengers","813",""
"2010","Poland","Number","Drivers","1,859",""
"2010","Poland","Number","Pedestrians","1,236",""
"2010","Portugal","Number","Passengers","190",""
"2010","Portugal","Number","Drivers","552",""
"2010","Portugal","Number","Pedestrians","195",""
"2010","Romania","Number","Passengers","580",""
"2010","Romania","Number","Drivers","927",""
"2010","Romania","Number","Pedestrians","868",""
"2010","Slovenia","Number","Passengers","22",""
"2010","Slovenia","Number","Drivers","89",""
"2010","Slovenia","Number","Pedestrians","26",""
"2010","Slovakia","Number","Passengers","75",""
"2010","Slovakia","Number","Drivers","170",""
"2010","Slovakia","Number","Pedestrians","126",""
"2010","Finland","Number","Passengers","47",""
"2010","Finland","Number","Drivers","190",""
"2010","Finland","Number","Pedestrians","35",""
"2010","Sweden","Number","Passengers","40",""
"2010","Sweden","Number","Drivers","190",""
"2010","Sweden","Number","Pedestrians","31",""
"2010","United Kingdom","Number","Passengers","312",""
"2010","United Kingdom","Number","Drivers","1,178",""
"2010","United Kingdom","Number","Pedestrians","415",""
"2010","Iceland","Number","Passengers","2",""
"2010","Iceland","Number","Drivers","4",""
"2010","Iceland","Number","Pedestrians","2",""
"2010","Liechtenstein","Number","Passengers",":",""
"2010","Liechtenstein","Number","Drivers",":",""
"2010","Liechtenstein","Number","Pedestrians",":",""
"2010","Norway","Number","Passengers","40",""
"2010","Norway","Number","Drivers","144",""
"2010","Norway","Number","Pedestrians","24",""
"2010","Switzerland","Number","Passengers","41",""
"2010","Switzerland","Number","Drivers","211",""
"2010","Switzerland","Number","Pedestrians","75",""
"2011","Belgium","Number","Passengers","122",""
"2011","Belgium","Number","Drivers","626",""
"2011","Belgium","Number","Pedestrians","113",""
"2011","Bulgaria","Number","Passengers","199",""
"2011","Bulgaria","Number","Drivers","308",""
"2011","Bulgaria","Number","Pedestrians","149",""
"2011","Czechia","Number","Passengers","144",""
"2011","Czechia","Number","Drivers","453",""
"2011","Czechia","Number","Pedestrians","176",""
"2011","Denmark","Number","Passengers","36",""
"2011","Denmark","Number","Drivers","151",""
"2011","Denmark","Number","Pedestrians","33",""
"2011","Germany (until 1990 former territory of the FRG)","Number","Passengers","569",""
"2011","Germany (until 1990 former territory of the FRG)","Number","Drivers","2,826",""
"2011","Germany (until 1990 former territory of the FRG)","Number","Pedestrians","614",""
"2011","Estonia","Number","Passengers","23",""
"2011","Estonia","Number","Drivers","52",""
"2011","Estonia","Number","Pedestrians","26",""
"2011","Ireland","Number","Passengers","34",""
"2011","Ireland","Number","Drivers","105",""
"2011","Ireland","Number","Pedestrians","47",""
"2011","Greece","Number","Passengers","205",""
"2011","Greece","Number","Drivers","713",""
"2011","Greece","Number","Pedestrians","223",""
"2011","Spain","Number","Passengers","383",""
"2011","Spain","Number","Drivers","1,282",""
"2011","Spain","Number","Pedestrians","377",""
"2011","France","Number","Passengers","681",""
"2011","France","Number","Drivers","2,763",""
"2011","France","Number","Pedestrians","519",""
"2011","Croatia","Number","Passengers","78",""
"2011","Croatia","Number","Drivers","269",""
"2011","Croatia","Number","Pedestrians","71",""
"2011","Italy","Number","Passengers","581",""
"2011","Italy","Number","Drivers","2,690",""
"2011","Italy","Number","Pedestrians","589",""
"2011","Cyprus","Number","Passengers","8",""
"2011","Cyprus","Number","Drivers","50",""
"2011","Cyprus","Number","Pedestrians","13",""
"2011","Latvia","Number","Passengers","38",""
"2011","Latvia","Number","Drivers","81",""
"2011","Latvia","Number","Pedestrians","60",""
"2011","Lithuania","Number","Passengers",":",""
"2011","Lithuania","Number","Drivers",":",""
"2011","Lithuania","Number","Pedestrians",":",""
"2011","Luxembourg","Number","Passengers","5",""
"2011","Luxembourg","Number","Drivers","22",""
"2011","Luxembourg","Number","Pedestrians","6",""
"2011","Hungary","Number","Passengers","146",""
"2011","Hungary","Number","Drivers","368",""
"2011","Hungary","Number","Pedestrians","124",""
"2011","Malta","Number","Passengers",":",""
"2011","Malta","Number","Drivers",":",""
"2011","Malta","Number","Pedestrians",":",""
"2011","Netherlands","Number","Passengers","56",""
"2011","Netherlands","Number","Drivers","423",""
"2011","Netherlands","Number","Pedestrians","65",""
"2011","Austria","Number","Passengers","79",""
"2011","Austria","Number","Drivers","357",""
"2011","Austria","Number","Pedestrians","87",""
"2011","Poland","Number","Passengers","836",""
"2011","Poland","Number","Drivers","1,945",""
"2011","Poland","Number","Pedestrians","1,408",""
"2011","Portugal","Number","Passengers","161",""
"2011","Portugal","Number","Drivers","531",""
"2011","Portugal","Number","Pedestrians","199",""
"2011","Romania","Number","Passengers","462",""
"2011","Romania","Number","Drivers","809",""
"2011","Romania","Number","Pedestrians","747",""
"2011","Slovenia","Number","Passengers","22",""
"2011","Slovenia","Number","Drivers","98",""
"2011","Slovenia","Number","Pedestrians","21",""
"2011","Slovakia","Number","Passengers",":",""
"2011","Slovakia","Number","Drivers",":",""
"2011","Slovakia","Number","Pedestrians",":",""
"2011","Finland","Number","Passengers","53",""
"2011","Finland","Number","Drivers","198",""
"2011","Finland","Number","Pedestrians","41",""
"2011","Sweden","Number","Passengers","50",""
"2011","Sweden","Number","Drivers","203",""
"2011","Sweden","Number","Pedestrians","53",""
"2011","United Kingdom","Number","Passengers","309",""
"2011","United Kingdom","Number","Drivers","1,185",""
"2011","United Kingdom","Number","Pedestrians","466",""
"2011","Iceland","Number","Passengers","1",""
"2011","Iceland","Number","Drivers","7",""
"2011","Iceland","Number","Pedestrians","4",""
"2011","Liechtenstein","Number","Passengers",":",""
"2011","Liechtenstein","Number","Drivers",":",""
"2011","Liechtenstein","Number","Pedestrians",":",""
"2011","Norway","Number","Passengers","34",""
"2011","Norway","Number","Drivers","118",""
"2011","Norway","Number","Pedestrians","16",""
"2011","Switzerland","Number","Passengers","35",""
"2011","Switzerland","Number","Drivers","216",""
"2011","Switzerland","Number","Pedestrians","69",""
"2012","Belgium","Number","Passengers","104",""
"2012","Belgium","Number","Drivers","562",""
"2012","Belgium","Number","Pedestrians","104",""
"2012","Bulgaria","Number","Passengers","168",""
"2012","Bulgaria","Number","Drivers","297",""
"2012","Bulgaria","Number","Pedestrians","135",""
"2012","Czechia","Number","Passengers","126",""
"2012","Czechia","Number","Drivers","453",""
"2012","Czechia","Number","Pedestrians","163",""
"2012","Denmark","Number","Passengers","22",""
"2012","Denmark","Number","Drivers","114",""
"2012","Denmark","Number","Pedestrians","31",""
"2012","Germany (until 1990 former territory of the FRG)","Number","Passengers","476",""
"2012","Germany (until 1990 former territory of the FRG)","Number","Drivers","2,597",""
"2012","Germany (until 1990 former territory of the FRG)","Number","Pedestrians","527",""
"2012","Estonia","Number","Passengers","17",""
"2012","Estonia","Number","Drivers","39",""
"2012","Estonia","Number","Pedestrians","29",""
"2012","Ireland","Number","Passengers","32",""
"2012","Ireland","Number","Drivers","101",""
"2012","Ireland","Number","Pedestrians","29",""
"2012","Greece","Number","Passengers","167",""
"2012","Greece","Number","Drivers","651",""
"2012","Greece","Number","Pedestrians","170",""
"2012","Spain","Number","Passengers","363",""
"2012","Spain","Number","Drivers","1,158",""
"2012","Spain","Number","Pedestrians","368",""
"2012","France","Number","Passengers","641",""
"2012","France","Number","Drivers","2,523",""
"2012","France","Number","Pedestrians","489",""
"2012","Croatia","Number","Passengers","70",""
"2012","Croatia","Number","Drivers","251",""
"2012","Croatia","Number","Pedestrians","72",""
"2012","Italy","Number","Passengers","555",""
"2012","Italy","Number","Drivers","2,622",""
"2012","Italy","Number","Pedestrians","576",""
"2012","Cyprus","Number","Passengers","4",""
"2012","Cyprus","Number","Drivers","37",""
"2012","Cyprus","Number","Pedestrians","10",""
"2012","Latvia","Number","Passengers","29",""
"2012","Latvia","Number","Drivers","86",""
"2012","Latvia","Number","Pedestrians","62",""
"2012","Lithuania","Number","Passengers",":",""
"2012","Lithuania","Number","Drivers",":",""
"2012","Lithuania","Number","Pedestrians",":",""
"2012","Luxembourg","Number","Passengers","7",""
"2012","Luxembourg","Number","Drivers","21",""
"2012","Luxembourg","Number","Pedestrians","6",""
"2012","Hungary","Number","Passengers","121",""
"2012","Hungary","Number","Drivers","328",""
"2012","Hungary","Number","Pedestrians","156",""
"2012","Malta","Number","Passengers",":",""
"2012","Malta","Number","Drivers",":",""
"2012","Malta","Number","Pedestrians",":",""
"2012","Netherlands","Number","Passengers","65",""
"2012","Netherlands","Number","Drivers","431",""
"2012","Netherlands","Number","Pedestrians","64",""
"2012","Austria","Number","Passengers","76",""
"2012","Austria","Number","Drivers","374",""
"2012","Austria","Number","Pedestrians","81",""
"2012","Poland","Number","Passengers","658",""
"2012","Poland","Number","Drivers","1,756",""
"2012","Poland","Number","Pedestrians","1,157",""
"2012","Portugal","Number","Passengers","117",""
"2012","Portugal","Number","Drivers","442",""
"2012","Portugal","Number","Pedestrians","159",""
"2012","Romania","Number","Passengers","493",""
"2012","Romania","Number","Drivers","821",""
"2012","Romania","Number","Pedestrians","728",""
"2012","Slovenia","Number","Passengers","19",""
"2012","Slovenia","Number","Drivers","92",""
"2012","Slovenia","Number","Pedestrians","19",""
"2012","Slovakia","Number","Passengers",":",""
"2012","Slovakia","Number","Drivers",":",""
"2012","Slovakia","Number","Pedestrians",":",""
"2012","Finland","Number","Passengers","37",""
"2012","Finland","Number","Drivers","189",""
"2012","Finland","Number","Pedestrians","29",""
"2012","Sweden","Number","Passengers","32",""
"2012","Sweden","Number","Drivers","176",""
"2012","Sweden","Number","Pedestrians","50",""
"2012","United Kingdom","Number","Passengers","303",""
"2012","United Kingdom","Number","Drivers","1,070",""
"2012","United Kingdom","Number","Pedestrians","429",""
"2012","Iceland","Number","Passengers","1",""
"2012","Iceland","Number","Drivers","6",""
"2012","Iceland","Number","Pedestrians","2",""
"2012","Liechtenstein","Number","Passengers",":",""
"2012","Liechtenstein","Number","Drivers",":",""
"2012","Liechtenstein","Number","Pedestrians",":",""
"2012","Norway","Number","Passengers","21",""
"2012","Norway","Number","Drivers","102",""
"2012","Norway","Number","Pedestrians","22",""
"2012","Switzerland","Number","Passengers","54",""
"2012","Switzerland","Number","Drivers","210",""
"2012","Switzerland","Number","Pedestrians","75",""
"2013","Belgium","Number","Passengers","107",""
"2013","Belgium","Number","Drivers","516",""
"2013","Belgium","Number","Pedestrians","99",""
"2013","Bulgaria","Number","Passengers","163",""
"2013","Bulgaria","Number","Drivers","329",""
"2013","Bulgaria","Number","Pedestrians","108",""
"2013","Czechia","Number","Passengers","103",""
"2013","Czechia","Number","Drivers","389",""
"2013","Czechia","Number","Pedestrians","162",""
"2013","Denmark","Number","Passengers","37",""
"2013","Denmark","Number","Drivers","121",""
"2013","Denmark","Number","Pedestrians","33",""
"2013","Germany (until 1990 former territory of the FRG)","Number","Passengers","469",""
"2013","Germany (until 1990 former territory of the FRG)","Number","Drivers","2,309",""
"2013","Germany (until 1990 former territory of the FRG)","Number","Pedestrians","561",""
"2013","Estonia","Number","Passengers","12",""
"2013","Estonia","Number","Drivers","45",""
"2013","Estonia","Number","Pedestrians","23",""
"2013","Ireland","Number","Passengers","33",""
"2013","Ireland","Number","Drivers","124",""
"2013","Ireland","Number","Pedestrians","31",""
"2013","Greece","Number","Passengers","146",""
"2013","Greece","Number","Drivers","582",""
"2013","Greece","Number","Pedestrians","151",""
"2013","Spain","Number","Passengers","286",""
"2013","Spain","Number","Drivers","1,011",""
"2013","Spain","Number","Pedestrians","370",""
"2013","France","Number","Passengers","524",""
"2013","France","Number","Drivers","2,279",""
"2013","France","Number","Pedestrians","465",""
"2013","Croatia","Number","Passengers","84",""
"2013","Croatia","Number","Drivers","215",""
"2013","Croatia","Number","Pedestrians","69",""
"2013","Italy","Number","Passengers","542",""
"2013","Italy","Number","Drivers","2,308",""
"2013","Italy","Number","Pedestrians","551",""
"2013","Cyprus","Number","Passengers","7",""
"2013","Cyprus","Number","Drivers","29",""
"2013","Cyprus","Number","Pedestrians","8",""
"2013","Latvia","Number","Passengers","26",""
"2013","Latvia","Number","Drivers","83",""
"2013","Latvia","Number","Pedestrians","70",""
"2013","Lithuania","Number","Passengers","52",""
"2013","Lithuania","Number","Drivers","105",""
"2013","Lithuania","Number","Pedestrians","96",""
"2013","Luxembourg","Number","Passengers","5",""
"2013","Luxembourg","Number","Drivers","35",""
"2013","Luxembourg","Number","Pedestrians","5",""
"2013","Hungary","Number","Passengers","119",""
"2013","Hungary","Number","Drivers","325",""
"2013","Hungary","Number","Pedestrians","147",""
"2013","Malta","Number","Passengers",":",""
"2013","Malta","Number","Drivers",":",""
"2013","Malta","Number","Pedestrians",":",""
"2013","Netherlands","Number","Passengers","43",""
"2013","Netherlands","Number","Drivers","382",""
"2013","Netherlands","Number","Pedestrians","51",""
"2013","Austria","Number","Passengers","49",""
"2013","Austria","Number","Drivers","324",""
"2013","Austria","Number","Pedestrians","82",""
"2013","Poland","Number","Passengers","651",""
"2013","Poland","Number","Drivers","1,566",""
"2013","Poland","Number","Pedestrians","1,140",""
"2013","Portugal","Number","Passengers","106",""
"2013","Portugal","Number","Drivers","387",""
"2013","Portugal","Number","Pedestrians","144",""
"2013","Romania","Number","Passengers","415",""
"2013","Romania","Number","Drivers","720",""
"2013","Romania","Number","Pedestrians","726",""
"2013","Slovenia","Number","Passengers","17",""
"2013","Slovenia","Number","Drivers","88",""
"2013","Slovenia","Number","Pedestrians","20",""
"2013","Slovakia","Number","Passengers",":",""
"2013","Slovakia","Number","Drivers",":",""
"2013","Slovakia","Number","Pedestrians",":",""
"2013","Finland","Number","Passengers","43",""
"2013","Finland","Number","Drivers","181",""
"2013","Finland","Number","Pedestrians","34",""
"2013","Sweden","Number","Passengers","42",""
"2013","Sweden","Number","Drivers","171",""
"2013","Sweden","Number","Pedestrians","42",""
"2013","United Kingdom","Number","Passengers","287",""
"2013","United Kingdom","Number","Drivers","1,078",""
"2013","United Kingdom","Number","Pedestrians","405",""
"2013","Iceland","Number","Passengers","4",""
"2013","Iceland","Number","Drivers","10",""
"2013","Iceland","Number","Pedestrians","1",""
"2013","Liechtenstein","Number","Passengers",":",""
"2013","Liechtenstein","Number","Drivers",":",""
"2013","Liechtenstein","Number","Pedestrians",":",""
"2013","Norway","Number","Passengers","33",""
"2013","Norway","Number","Drivers","136",""
"2013","Norway","Number","Pedestrians","18",""
"2013","Switzerland","Number","Passengers","29",""
"2013","Switzerland","Number","Drivers","171",""
"2013","Switzerland","Number","Pedestrians","69",""
"2014","Belgium","Number","Passengers","96",""
"2014","Belgium","Number","Drivers","511",""
"2014","Belgium","Number","Pedestrians","106",""
"2014","Bulgaria","Number","Passengers","178",""
"2014","Bulgaria","Number","Drivers","326",""
"2014","Bulgaria","Number","Pedestrians","156",""
"2014","Czechia","Number","Passengers","107",""
"2014","Czechia","Number","Drivers","451",""
"2014","Czechia","Number","Pedestrians","130",""
"2014","Denmark","Number","Passengers","31",""
"2014","Denmark","Number","Drivers","129",""
"2014","Denmark","Number","Pedestrians","22",""
"2014","Germany (until 1990 former territory of the FRG)","Number","Passengers","429",""
"2014","Germany (until 1990 former territory of the FRG)","Number","Drivers","2,421",""
"2014","Germany (until 1990 former territory of the FRG)","Number","Pedestrians","527",""
"2014","Estonia","Number","Passengers","8",""
"2014","Estonia","Number","Drivers","41",""
"2014","Estonia","Number","Pedestrians","26",""
"2014","Ireland","Number","Passengers","39",""
"2014","Ireland","Number","Drivers","112",""
"2014","Ireland","Number","Pedestrians","42",""
"2014","Greece","Number","Passengers","130",""
"2014","Greece","Number","Drivers","540",""
"2014","Greece","Number","Pedestrians","125",""
"2014","Spain","Number","Passengers","308",""
"2014","Spain","Number","Drivers","1,038",""
"2014","Spain","Number","Pedestrians","334",""
"2014","France","Number","Passengers","521",""
"2014","France","Number","Drivers","2,364",""
"2014","France","Number","Pedestrians","499",""
"2014","Croatia","Number","Passengers","50",""
"2014","Croatia","Number","Drivers","185",""
"2014","Croatia","Number","Pedestrians","73",""
"2014","Italy","Number","Passengers","512",""
"2014","Italy","Number","Drivers","2,291",""
"2014","Italy","Number","Pedestrians","578",""
"2014","Cyprus","Number","Passengers","7",""
"2014","Cyprus","Number","Drivers","27",""
"2014","Cyprus","Number","Pedestrians","10",""
"2014","Latvia","Number","Passengers","53",""
"2014","Latvia","Number","Drivers","88",""
"2014","Latvia","Number","Pedestrians","71",""
"2014","Lithuania","Number","Passengers","61",""
"2014","Lithuania","Number","Drivers","97",""
"2014","Lithuania","Number","Pedestrians","109",""
"2014","Luxembourg","Number","Passengers","5",""
"2014","Luxembourg","Number","Drivers","27",""
"2014","Luxembourg","Number","Pedestrians","3",""
"2014","Hungary","Number","Passengers","114",""
"2014","Hungary","Number","Drivers","360",""
"2014","Hungary","Number","Pedestrians","152",""
"2014","Malta","Number","Passengers",":",""
"2014","Malta","Number","Drivers",":",""
"2014","Malta","Number","Pedestrians",":",""
"2014","Netherlands","Number","Passengers","40",""
"2014","Netherlands","Number","Drivers","382",""
"2014","Netherlands","Number","Pedestrians","50",""
"2014","Austria","Number","Passengers","44",""
"2014","Austria","Number","Drivers","315",""
"2014","Austria","Number","Pedestrians","71",""
"2014","Poland","Number","Passengers","541",""
"2014","Poland","Number","Drivers","1,545",""
"2014","Poland","Number","Pedestrians","1,116",""
"2014","Portugal","Number","Passengers","96",""
"2014","Portugal","Number","Drivers","397",""
"2014","Portugal","Number","Pedestrians","145",""
"2014","Romania","Number","Passengers","428",""
"2014","Romania","Number","Drivers","693",""
"2014","Romania","Number","Pedestrians","697",""
"2014","Slovenia","Number","Passengers","21",""
"2014","Slovenia","Number","Drivers","72",""
"2014","Slovenia","Number","Pedestrians","14",""
"2014","Slovakia","Number","Passengers",":",""
"2014","Slovakia","Number","Drivers",":",""
"2014","Slovakia","Number","Pedestrians",":",""
"2014","Finland","Number","Passengers","32",""
"2014","Finland","Number","Drivers","161",""
"2014","Finland","Number","Pedestrians","36",""
"2014","Sweden","Number","Passengers","40",""
"2014","Sweden","Number","Drivers","178",""
"2014","Sweden","Number","Pedestrians","52",""
"2014","United Kingdom","Number","Passengers","278",""
"2014","United Kingdom","Number","Drivers","1,112",""
"2014","United Kingdom","Number","Pedestrians","464",""
"2014","Iceland","Number","Passengers","2",""
"2014","Iceland","Number","Drivers","2",""
"2014","Iceland","Number","Pedestrians","0",""
"2014","Liechtenstein","Number","Passengers",":",""
"2014","Liechtenstein","Number","Drivers",":",""
"2014","Liechtenstein","Number","Pedestrians",":",""
"2014","Norway","Number","Passengers","27",""
"2014","Norway","Number","Drivers","102",""
"2014","Norway","Number","Pedestrians","18",""
"2014","Switzerland","Number","Passengers","31",""
"2014","Switzerland","Number","Drivers","169",""
"2014","Switzerland","Number","Pedestrians","43",""
"2015","Belgium","Number","Passengers","93",""
"2015","Belgium","Number","Drivers","539",""
"2015","Belgium","Number","Pedestrians","92",""
"2015","Bulgaria","Number","Passengers","197",""
"2015","Bulgaria","Number","Drivers","346",""
"2015","Bulgaria","Number","Pedestrians","164",""
"2015","Czechia","Number","Passengers","126",""
"2015","Czechia","Number","Drivers","458",""
"2015","Czechia","Number","Pedestrians","150",""
"2015","Denmark","Number","Passengers","24",""
"2015","Denmark","Number","Drivers","127",""
"2015","Denmark","Number","Pedestrians","27",""
"2015","Germany (until 1990 former territory of the FRG)","Number","Passengers","430",""
"2015","Germany (until 1990 former territory of the FRG)","Number","Drivers","2,484",""
"2015","Germany (until 1990 former territory of the FRG)","Number","Pedestrians","545",""
"2015","Estonia","Number","Passengers","14",""
"2015","Estonia","Number","Drivers","28",""
"2015","Estonia","Number","Pedestrians","24",""
"2015","Ireland","Number","Passengers",":",""
"2015","Ireland","Number","Drivers",":",""
"2015","Ireland","Number","Pedestrians",":",""
"2015","Greece","Number","Passengers","120",""
"2015","Greece","Number","Drivers","545",""
"2015","Greece","Number","Pedestrians","128",""
"2015","Spain","Number","Passengers","274",""
"2015","Spain","Number","Drivers","1,048",""
"2015","Spain","Number","Pedestrians","367",""
"2015","France","Number","Passengers","622",""
"2015","France","Number","Drivers","2,371",""
"2015","France","Number","Pedestrians","466",""
"2015","Croatia","Number","Passengers","62",""
"2015","Croatia","Number","Drivers","225",""
"2015","Croatia","Number","Pedestrians","61",""
"2015","Italy","Number","Passengers","477",""
"2015","Italy","Number","Drivers","2,349",""
"2015","Italy","Number","Pedestrians","602",""
"2015","Cyprus","Number","Passengers","8",""
"2015","Cyprus","Number","Drivers","33",""
"2015","Cyprus","Number","Pedestrians","16",""
"2015","Latvia","Number","Passengers","40",""
"2015","Latvia","Number","Drivers","85",""
"2015","Latvia","Number","Pedestrians","63",""
"2015","Lithuania","Number","Passengers","56",""
"2015","Lithuania","Number","Drivers","103",""
"2015","Lithuania","Number","Pedestrians","81",""
"2015","Luxembourg","Number","Passengers","3",""
"2015","Luxembourg","Number","Drivers","26",""
"2015","Luxembourg","Number","Pedestrians","7",""
"2015","Hungary","Number","Passengers","142",""
"2015","Hungary","Number","Drivers","353",""
"2015","Hungary","Number","Pedestrians","149",""
"2015","Malta","Number","Passengers","2",""
"2015","Malta","Number","Drivers","4",""
"2015","Malta","Number","Pedestrians","5",""
"2015","Netherlands","Number","Passengers","31",""
"2015","Netherlands","Number","Drivers","403",""
"2015","Netherlands","Number","Pedestrians","60",""
"2015","Austria","Number","Passengers","63",""
"2015","Austria","Number","Drivers","332",""
"2015","Austria","Number","Pedestrians","84",""
"2015","Poland","Number","Passengers","539",""
"2015","Poland","Number","Drivers","1,484",""
"2015","Poland","Number","Pedestrians","915",""
"2015","Portugal","Number","Passengers","84",""
"2015","Portugal","Number","Drivers","363",""
"2015","Portugal","Number","Pedestrians","146",""
"2015","Romania","Number","Passengers","444",""
"2015","Romania","Number","Drivers","800",""
"2015","Romania","Number","Pedestrians","649",""
"2015","Slovenia","Number","Passengers","20",""
"2015","Slovenia","Number","Drivers","83",""
"2015","Slovenia","Number","Pedestrians","16",""
"2015","Slovakia","Number","Passengers",":",""
"2015","Slovakia","Number","Drivers",":",""
"2015","Slovakia","Number","Pedestrians",":",""
"2015","Finland","Number","Passengers","43",""
"2015","Finland","Number","Drivers","191",""
"2015","Finland","Number","Pedestrians","32",""
"2015","Sweden","Number","Passengers","48",""
"2015","Sweden","Number","Drivers","182",""
"2015","Sweden","Number","Pedestrians","28",""
"2015","United Kingdom","Number","Passengers","271",""
"2015","United Kingdom","Number","Drivers","1,106",""
"2015","United Kingdom","Number","Pedestrians","427",""
"2015","Iceland","Number","Passengers","6",""
"2015","Iceland","Number","Drivers","9",""
"2015","Iceland","Number","Pedestrians","1",""
"2015","Liechtenstein","Number","Passengers",":",""
"2015","Liechtenstein","Number","Drivers",":",""
"2015","Liechtenstein","Number","Pedestrians",":",""
"2015","Norway","Number","Passengers","21",""
"2015","Norway","Number","Drivers","84",""
"2015","Norway","Number","Pedestrians","12",""
"2015","Switzerland","Number","Passengers","27",""
"2015","Switzerland","Number","Drivers","168",""
"2015","Switzerland","Number","Pedestrians","58",""
"2016","Belgium","Number","Passengers","87",""
"2016","Belgium","Number","Drivers","466",""
"2016","Belgium","Number","Pedestrians","78",""
"2016","Bulgaria","Number","Passengers",":",""
"2016","Bulgaria","Number","Drivers",":",""
"2016","Bulgaria","Number","Pedestrians",":",""
"2016","Czechia","Number","Passengers","111",""
"2016","Czechia","Number","Drivers","370",""
"2016","Czechia","Number","Pedestrians","130",""
"2016","Denmark","Number","Passengers","26",""
"2016","Denmark","Number","Drivers","149",""
"2016","Denmark","Number","Pedestrians","36",""
"2016","Germany (until 1990 former territory of the FRG)","Number","Passengers","416",""
"2016","Germany (until 1990 former territory of the FRG)","Number","Drivers","2,290",""
"2016","Germany (until 1990 former territory of the FRG)","Number","Pedestrians","500",""
"2016","Estonia","Number","Passengers",":",""
"2016","Estonia","Number","Drivers",":",""
"2016","Estonia","Number","Pedestrians",":",""
"2016","Ireland","Number","Passengers",":",""
"2016","Ireland","Number","Drivers",":",""
"2016","Ireland","Number","Pedestrians",":",""
"2016","Greece","Number","Passengers","127",""
"2016","Greece","Number","Drivers","548",""
"2016","Greece","Number","Pedestrians","149",""
"2016","Spain","Number","Passengers","320",""
"2016","Spain","Number","Drivers","1,101",""
"2016","Spain","Number","Pedestrians","389",""
"2016","France","Number","Passengers","544",""
"2016","France","Number","Drivers","2,374",""
"2016","France","Number","Pedestrians","553",""
"2016","Croatia","Number","Passengers","54",""
"2016","Croatia","Number","Drivers","186",""
"2016","Croatia","Number","Pedestrians","67",""
"2016","Italy","Number","Passengers","452",""
"2016","Italy","Number","Drivers","2,261",""
"2016","Italy","Number","Pedestrians","570",""
"2016","Cyprus","Number","Passengers","6",""
"2016","Cyprus","Number","Drivers","26",""
"2016","Cyprus","Number","Pedestrians","14",""
"2016","Latvia","Number","Passengers","27",""
"2016","Latvia","Number","Drivers","76",""
"2016","Latvia","Number","Pedestrians","55",""
"2016","Lithuania","Number","Passengers",":",""
"2016","Lithuania","Number","Drivers",":",""
"2016","Lithuania","Number","Pedestrians",":",""
"2016","Luxembourg","Number","Passengers","7",""
"2016","Luxembourg","Number","Drivers","17",""
"2016","Luxembourg","Number","Pedestrians","8",""
"2016","Hungary","Number","Passengers","119",""
"2016","Hungary","Number","Drivers","336",""
"2016","Hungary","Number","Pedestrians","152",""
"2016","Malta","Number","Passengers","3",""
"2016","Malta","Number","Drivers","12",""
"2016","Malta","Number","Pedestrians","8",""
"2016","Netherlands","Number","Passengers",":",""
"2016","Netherlands","Number","Drivers","437",""
"2016","Netherlands","Number","Pedestrians","44",""
"2016","Austria","Number","Passengers","52",""
"2016","Austria","Number","Drivers","307",""
"2016","Austria","Number","Pedestrians","73",""
"2016","Poland","Number","Passengers","614",""
"2016","Poland","Number","Drivers","1,544",""
"2016","Poland","Number","Pedestrians","868",""
"2016","Portugal","Number","Passengers","92",""
"2016","Portugal","Number","Drivers","348",""
"2016","Portugal","Number","Pedestrians","123",""
"2016","Romania","Number","Passengers","423",""
"2016","Romania","Number","Drivers","773",""
"2016","Romania","Number","Pedestrians","717",""
"2016","Slovenia","Number","Passengers","18",""
"2016","Slovenia","Number","Drivers","90",""
"2016","Slovenia","Number","Pedestrians","22",""
"2016","Slovakia","Number","Passengers",":",""
"2016","Slovakia","Number","Drivers",":",""
"2016","Slovakia","Number","Pedestrians",":",""
"2016","Finland","Number","Passengers",":",""
"2016","Finland","Number","Drivers",":",""
"2016","Finland","Number","Pedestrians",":",""
"2016","Sweden","Number","Passengers","47",""
"2016","Sweden","Number","Drivers","179",""
"2016","Sweden","Number","Pedestrians","42",""
"2016","United Kingdom","Number","Passengers","302",""
"2016","United Kingdom","Number","Drivers","1,095",""
"2016","United Kingdom","Number","Pedestrians","463",""
"2016","Iceland","Number","Passengers","3",""
"2016","Iceland","Number","Drivers","13",""
"2016","Iceland","Number","Pedestrians","2",""
"2016","Liechtenstein","Number","Passengers",":",""
"2016","Liechtenstein","Number","Drivers",":",""
"2016","Liechtenstein","Number","Pedestrians",":",""
"2016","Norway","Number","Passengers","19",""
"2016","Norway","Number","Drivers","101",""
"2016","Norway","Number","Pedestrians","15",""
"2016","Switzerland","Number","Passengers","21",""
"2016","Switzerland","Number","Drivers","145",""
"2016","Switzerland","Number","Pedestrians","50",""
