"TIME","GEO","AGE","SEX","UNIT","Value","Flag and Footnotes"
"2001","Belgium","Total","Total","Number","10,263,414",""
"2001","Bulgaria","Total","Total","Number","8,149,468",""
"2001","Czechia","Total","Total","Number","10,232,027",""
"2001","Denmark","Total","Total","Number","5,349,212",""
"2001","Germany (until 1990 former territory of the FRG)","Total","Total","Number","82,259,540",""
"2001","Estonia","Total","Total","Number","1,392,720",""
"2001","Ireland","Total","Total","Number","3,832,783",""
"2001","Greece","Total","Total","Number","10,835,989",""
"2001","Spain","Total","Total","Number","40,665,545",""
"2001","France","Total","Total","Number","60,979,315",""
"2001","France (metropolitan)","Total","Total","Number","59,266,572",""
"2001","Croatia","Total","Total","Number","4,295,406","b"
"2001","Italy","Total","Total","Number","56,960,692",""
"2001","Cyprus","Total","Total","Number","697,549",""
"2001","Latvia","Total","Total","Number","2,353,384",""
"2001","Lithuania","Total","Total","Number","3,486,998",""
"2001","Luxembourg","Total","Total","Number","439,000",""
"2001","Hungary","Total","Total","Number","10,200,298",""
"2001","Malta","Total","Total","Number","391,415",""
"2001","Netherlands","Total","Total","Number","15,987,075",""
"2001","Austria","Total","Total","Number","8,020,946",""
"2001","Poland","Total","Total","Number","38,253,955",""
"2001","Portugal","Total","Total","Number","10,330,774",""
"2001","Romania","Total","Total","Number","22,430,457",""
"2001","Slovenia","Total","Total","Number","1,990,094",""
"2001","Slovakia","Total","Total","Number","5,378,783",""
"2001","Finland","Total","Total","Number","5,181,115",""
"2001","Sweden","Total","Total","Number","8,882,792",""
"2001","United Kingdom","Total","Total","Number","58,999,781",""
"2001","Iceland","Total","Total","Number","283,361",""
"2001","Liechtenstein","Total","Total","Number","32,863",""
"2001","Norway","Total","Total","Number","4,503,436",""
"2001","Switzerland","Total","Total","Number","7,204,055",""
"2001","Montenegro","Total","Total","Number","605,988",""
"2001","Former Yugoslav Republic of Macedonia, the","Total","Total","Number","2,031,112",""
"2001","Albania","Total","Total","Number","3,063,318",""
"2001","Serbia","Total","Total","Number","7,504,739",""
"2001","Turkey","Total","Total","Number","64,729,501","b"
"2001","Andorra","Total","Total","Number","65,844",""
"2001","Belarus","Total","Total","Number","9,990,435",""
"2001","Bosnia and Herzegovina","Total","Total","Number","3,789,717","e"
"2001","Kosovo (under United Nations Security Council Resolution 1244/99)","Total","Total","Number",":",""
"2001","Moldova","Total","Total","Number","3,635,112",""
"2001","Monaco","Total","Total","Number",":",""
"2001","Russia","Total","Total","Number","146,303,611",""
"2001","San Marino","Total","Total","Number",":",""
"2001","Ukraine","Total","Total","Number","48,663,609",""
"2001","Armenia","Total","Total","Number","3,215,300",""
"2001","Azerbaijan","Total","Total","Number","8,081,000",""
"2001","Georgia","Total","Total","Number","4,401,400","e"
"2002","Belgium","Total","Total","Number","10,309,725",""
"2002","Bulgaria","Total","Total","Number","7,868,815",""
"2002","Czechia","Total","Total","Number","10,201,182",""
"2002","Denmark","Total","Total","Number","5,368,354",""
"2002","Germany (until 1990 former territory of the FRG)","Total","Total","Number","82,440,309",""
"2002","Estonia","Total","Total","Number","1,383,510",""
"2002","Ireland","Total","Total","Number","3,899,702",""
"2002","Greece","Total","Total","Number","10,888,274",""
"2002","Spain","Total","Total","Number","41,035,278",""
"2002","France","Total","Total","Number","61,424,036",""
"2002","France (metropolitan)","Total","Total","Number","59,685,899",""
"2002","Croatia","Total","Total","Number","4,305,494",""
"2002","Italy","Total","Total","Number","56,987,507",""
"2002","Cyprus","Total","Total","Number","705,539",""
"2002","Latvia","Total","Total","Number","2,320,956",""
"2002","Lithuania","Total","Total","Number","3,454,637",""
"2002","Luxembourg","Total","Total","Number","444,050",""
"2002","Hungary","Total","Total","Number","10,174,853",""
"2002","Malta","Total","Total","Number","394,641",""
"2002","Netherlands","Total","Total","Number","16,105,285",""
"2002","Austria","Total","Total","Number","8,063,640",""
"2002","Poland","Total","Total","Number","38,242,197",""
"2002","Portugal","Total","Total","Number","10,394,669",""
"2002","Romania","Total","Total","Number","21,833,483",""
"2002","Slovenia","Total","Total","Number","1,994,026",""
"2002","Slovakia","Total","Total","Number","5,378,951",""
"2002","Finland","Total","Total","Number","5,194,901",""
"2002","Sweden","Total","Total","Number","8,909,128",""
"2002","United Kingdom","Total","Total","Number","59,239,564",""
"2002","Iceland","Total","Total","Number","286,575",""
"2002","Liechtenstein","Total","Total","Number","33,525",""
"2002","Norway","Total","Total","Number","4,524,066",""
"2002","Switzerland","Total","Total","Number","7,255,653",""
"2002","Montenegro","Total","Total","Number","608,460",""
"2002","Former Yugoslav Republic of Macedonia, the","Total","Total","Number","2,038,651",""
"2002","Albania","Total","Total","Number","3,057,018",""
"2002","Serbia","Total","Total","Number","7,502,126",""
"2002","Turkey","Total","Total","Number","65,603,160",""
"2002","Andorra","Total","Total","Number","66,334",""
"2002","Belarus","Total","Total","Number","9,950,941",""
"2002","Bosnia and Herzegovina","Total","Total","Number","3,813,167","e"
"2002","Kosovo (under United Nations Security Council Resolution 1244/99)","Total","Total","Number",":",""
"2002","Moldova","Total","Total","Number","3,627,812",""
"2002","Monaco","Total","Total","Number",":",""
"2002","Russia","Total","Total","Number","145,649,334",""
"2002","San Marino","Total","Total","Number",":",""
"2002","Ukraine","Total","Total","Number","48,240,902",""
"2002","Armenia","Total","Total","Number","3,212,900",""
"2002","Azerbaijan","Total","Total","Number","8,141,400",""
"2002","Georgia","Total","Total","Number","4,371,500","e"
"2003","Belgium","Total","Total","Number","10,355,844",""
"2003","Bulgaria","Total","Total","Number","7,805,506",""
"2003","Czechia","Total","Total","Number","10,192,649",""
"2003","Denmark","Total","Total","Number","5,383,507",""
"2003","Germany (until 1990 former territory of the FRG)","Total","Total","Number","82,536,680",""
"2003","Estonia","Total","Total","Number","1,375,190",""
"2003","Ireland","Total","Total","Number","3,964,191",""
"2003","Greece","Total","Total","Number","10,915,770",""
"2003","Spain","Total","Total","Number","41,827,838",""
"2003","France","Total","Total","Number","61,864,088",""
"2003","France (metropolitan)","Total","Total","Number","60,101,841",""
"2003","Croatia","Total","Total","Number","4,305,384",""
"2003","Italy","Total","Total","Number","57,130,506",""
"2003","Cyprus","Total","Total","Number","713,720",""
"2003","Latvia","Total","Total","Number","2,299,390",""
"2003","Lithuania","Total","Total","Number","3,431,497",""
"2003","Luxembourg","Total","Total","Number","448,300",""
"2003","Hungary","Total","Total","Number","10,142,362",""
"2003","Malta","Total","Total","Number","397,296",""
"2003","Netherlands","Total","Total","Number","16,192,572",""
"2003","Austria","Total","Total","Number","8,100,273",""
"2003","Poland","Total","Total","Number","38,218,531",""
"2003","Portugal","Total","Total","Number","10,444,592",""
"2003","Romania","Total","Total","Number","21,627,509",""
"2003","Slovenia","Total","Total","Number","1,995,033",""
"2003","Slovakia","Total","Total","Number","5,374,873",""
"2003","Finland","Total","Total","Number","5,206,295",""
"2003","Sweden","Total","Total","Number","8,940,788",""
"2003","United Kingdom","Total","Total","Number","59,501,394",""
"2003","Iceland","Total","Total","Number","288,471",""
"2003","Liechtenstein","Total","Total","Number","33,863",""
"2003","Norway","Total","Total","Number","4,552,252",""
"2003","Switzerland","Total","Total","Number","7,313,853",""
"2003","Montenegro","Total","Total","Number","610,510",""
"2003","Former Yugoslav Republic of Macedonia, the","Total","Total","Number","2,023,654",""
"2003","Albania","Total","Total","Number","3,044,993",""
"2003","Serbia","Total","Total","Number","7,490,918",""
"2003","Turkey","Total","Total","Number","66,401,851",""
"2003","Andorra","Total","Total","Number","67,159",""
"2003","Belarus","Total","Total","Number","9,898,590",""
"2003","Bosnia and Herzegovina","Total","Total","Number","3,830,349","e"
"2003","Kosovo (under United Nations Security Council Resolution 1244/99)","Total","Total","Number","1,985,000",""
"2003","Moldova","Total","Total","Number","3,618,312",""
"2003","Monaco","Total","Total","Number",":",""
"2003","Russia","Total","Total","Number","145,166,731",""
"2003","San Marino","Total","Total","Number",":",""
"2003","Ukraine","Total","Total","Number","47,823,108",""
"2003","Armenia","Total","Total","Number","3,210,300",""
"2003","Azerbaijan","Total","Total","Number","8,202,500",""
"2003","Georgia","Total","Total","Number","4,352,600","e"
"2004","Belgium","Total","Total","Number","10,396,421",""
"2004","Bulgaria","Total","Total","Number","7,745,147",""
"2004","Czechia","Total","Total","Number","10,195,347",""
"2004","Denmark","Total","Total","Number","5,397,640",""
"2004","Germany (until 1990 former territory of the FRG)","Total","Total","Number","82,531,671",""
"2004","Estonia","Total","Total","Number","1,366,250",""
"2004","Ireland","Total","Total","Number","4,028,851",""
"2004","Greece","Total","Total","Number","10,940,369",""
"2004","Spain","Total","Total","Number","42,547,451",""
"2004","France","Total","Total","Number","62,292,241",""
"2004","France (metropolitan)","Total","Total","Number","60,505,421",""
"2004","Croatia","Total","Total","Number","4,305,725",""
"2004","Italy","Total","Total","Number","57,495,900",""
"2004","Cyprus","Total","Total","Number","722,893",""
"2004","Latvia","Total","Total","Number","2,276,520",""
"2004","Lithuania","Total","Total","Number","3,398,929",""
"2004","Luxembourg","Total","Total","Number","454,960",""
"2004","Hungary","Total","Total","Number","10,116,742",""
"2004","Malta","Total","Total","Number","399,867",""
"2004","Netherlands","Total","Total","Number","16,258,032",""
"2004","Austria","Total","Total","Number","8,142,573",""
"2004","Poland","Total","Total","Number","38,190,608",""
"2004","Portugal","Total","Total","Number","10,473,050",""
"2004","Romania","Total","Total","Number","21,521,142",""
"2004","Slovenia","Total","Total","Number","1,996,433",""
"2004","Slovakia","Total","Total","Number","5,371,875",""
"2004","Finland","Total","Total","Number","5,219,732",""
"2004","Sweden","Total","Total","Number","8,975,670",""
"2004","United Kingdom","Total","Total","Number","59,793,759",""
"2004","Iceland","Total","Total","Number","290,570",""
"2004","Liechtenstein","Total","Total","Number","34,294",""
"2004","Norway","Total","Total","Number","4,577,457",""
"2004","Switzerland","Total","Total","Number","7,364,148",""
"2004","Montenegro","Total","Total","Number","612,214",""
"2004","Former Yugoslav Republic of Macedonia, the","Total","Total","Number","2,029,892",""
"2004","Albania","Total","Total","Number","3,034,231",""
"2004","Serbia","Total","Total","Number","7,470,263",""
"2004","Turkey","Total","Total","Number","67,187,251",""
"2004","Andorra","Total","Total","Number","72,320",""
"2004","Belarus","Total","Total","Number","9,849,062",""
"2004","Bosnia and Herzegovina","Total","Total","Number","3,837,414","e"
"2004","Kosovo (under United Nations Security Council Resolution 1244/99)","Total","Total","Number","2,016,000",""
"2004","Moldova","Total","Total","Number","3,607,435",""
"2004","Monaco","Total","Total","Number","32,828",""
"2004","Russia","Total","Total","Number","144,168,205",""
"2004","San Marino","Total","Total","Number","29,241",""
"2004","Ukraine","Total","Total","Number","47,442,079",""
"2004","Armenia","Total","Total","Number","3,212,200",""
"2004","Azerbaijan","Total","Total","Number","8,265,700",""
"2004","Georgia","Total","Total","Number","4,315,200","e"
"2005","Belgium","Total","Total","Number","10,445,852",""
"2005","Bulgaria","Total","Total","Number","7,688,573",""
"2005","Czechia","Total","Total","Number","10,198,855",""
"2005","Denmark","Total","Total","Number","5,411,405",""
"2005","Germany (until 1990 former territory of the FRG)","Total","Total","Number","82,500,849",""
"2005","Estonia","Total","Total","Number","1,358,850",""
"2005","Ireland","Total","Total","Number","4,111,672",""
"2005","Greece","Total","Total","Number","10,969,912",""
"2005","Spain","Total","Total","Number","43,296,338",""
"2005","France","Total","Total","Number","62,772,870",""
"2005","France (metropolitan)","Total","Total","Number","60,963,264",""
"2005","Croatia","Total","Total","Number","4,310,861",""
"2005","Italy","Total","Total","Number","57,874,753",""
"2005","Cyprus","Total","Total","Number","733,067",""
"2005","Latvia","Total","Total","Number","2,249,724",""
"2005","Lithuania","Total","Total","Number","3,355,220",""
"2005","Luxembourg","Total","Total","Number","461,230",""
"2005","Hungary","Total","Total","Number","10,097,549",""
"2005","Malta","Total","Total","Number","402,668",""
"2005","Netherlands","Total","Total","Number","16,305,526",""
"2005","Austria","Total","Total","Number","8,201,359",""
"2005","Poland","Total","Total","Number","38,173,835",""
"2005","Portugal","Total","Total","Number","10,494,672",""
"2005","Romania","Total","Total","Number","21,382,354",""
"2005","Slovenia","Total","Total","Number","1,997,590",""
"2005","Slovakia","Total","Total","Number","5,372,685",""
"2005","Finland","Total","Total","Number","5,236,611",""
"2005","Sweden","Total","Total","Number","9,011,392",""
"2005","United Kingdom","Total","Total","Number","60,182,050",""
"2005","Iceland","Total","Total","Number","293,577",""
"2005","Liechtenstein","Total","Total","Number","34,600",""
"2005","Norway","Total","Total","Number","4,606,363",""
"2005","Switzerland","Total","Total","Number","7,415,102",""
"2005","Montenegro","Total","Total","Number","613,420",""
"2005","Former Yugoslav Republic of Macedonia, the","Total","Total","Number","2,035,196",""
"2005","Albania","Total","Total","Number","3,019,634",""
"2005","Serbia","Total","Total","Number","7,456,050",""
"2005","Turkey","Total","Total","Number","68,010,221",""
"2005","Andorra","Total","Total","Number","76,875",""
"2005","Belarus","Total","Total","Number","9,800,073",""
"2005","Bosnia and Herzegovina","Total","Total","Number","3,842,532","e"
"2005","Kosovo (under United Nations Security Council Resolution 1244/99)","Total","Total","Number","2,041,000",""
"2005","Moldova","Total","Total","Number","3,600,436",""
"2005","Monaco","Total","Total","Number","33,085",""
"2005","Russia","Total","Total","Number","143,474,219",""
"2005","San Marino","Total","Total","Number","29,673",""
"2005","Ukraine","Total","Total","Number","47,100,462",""
"2005","Armenia","Total","Total","Number","3,215,800",""
"2005","Azerbaijan","Total","Total","Number","8,347,300",""
"2005","Georgia","Total","Total","Number","4,321,500","e"
"2006","Belgium","Total","Total","Number","10,511,382",""
"2006","Bulgaria","Total","Total","Number","7,629,371",""
"2006","Czechia","Total","Total","Number","10,223,577",""
"2006","Denmark","Total","Total","Number","5,427,459",""
"2006","Germany (until 1990 former territory of the FRG)","Total","Total","Number","82,437,995",""
"2006","Estonia","Total","Total","Number","1,350,700",""
"2006","Ireland","Total","Total","Number","4,208,156",""
"2006","Greece","Total","Total","Number","11,004,716",""
"2006","Spain","Total","Total","Number","44,009,971",""
"2006","France","Total","Total","Number","63,229,635",""
"2006","France (metropolitan)","Total","Total","Number","61,399,733",""
"2006","Croatia","Total","Total","Number","4,312,487",""
"2006","Italy","Total","Total","Number","58,064,214",""
"2006","Cyprus","Total","Total","Number","744,013",""
"2006","Latvia","Total","Total","Number","2,227,874",""
"2006","Lithuania","Total","Total","Number","3,289,835",""
"2006","Luxembourg","Total","Total","Number","469,086",""
"2006","Hungary","Total","Total","Number","10,076,581",""
"2006","Malta","Total","Total","Number","404,999",""
"2006","Netherlands","Total","Total","Number","16,334,210",""
"2006","Austria","Total","Total","Number","8,254,298",""
"2006","Poland","Total","Total","Number","38,157,055",""
"2006","Portugal","Total","Total","Number","10,511,988",""
"2006","Romania","Total","Total","Number","21,257,016",""
"2006","Slovenia","Total","Total","Number","2,003,358",""
"2006","Slovakia","Total","Total","Number","5,372,928",""
"2006","Finland","Total","Total","Number","5,255,580",""
"2006","Sweden","Total","Total","Number","9,047,752",""
"2006","United Kingdom","Total","Total","Number","60,620,361",""
"2006","Iceland","Total","Total","Number","299,891",""
"2006","Liechtenstein","Total","Total","Number","34,905",""
"2006","Norway","Total","Total","Number","4,640,219",""
"2006","Switzerland","Total","Total","Number","7,459,128",""
"2006","Montenegro","Total","Total","Number","613,109",""
"2006","Former Yugoslav Republic of Macedonia, the","Total","Total","Number","2,038,514",""
"2006","Albania","Total","Total","Number","3,003,329",""
"2006","Serbia","Total","Total","Number","7,425,487",""
"2006","Turkey","Total","Total","Number","68,860,539",""
"2006","Andorra","Total","Total","Number","78,549",""
"2006","Belarus","Total","Total","Number","9,750,540",""
"2006","Bosnia and Herzegovina","Total","Total","Number","3,842,650",""
"2006","Kosovo (under United Nations Security Council Resolution 1244/99)","Total","Total","Number","2,100,000",""
"2006","Moldova","Total","Total","Number","3,589,936",""
"2006","Monaco","Total","Total","Number",":",""
"2006","Russia","Total","Total","Number","142,753,551",""
"2006","San Marino","Total","Total","Number","29,999",""
"2006","Ukraine","Total","Total","Number","46,749,170",""
"2006","Armenia","Total","Total","Number","3,219,234",""
"2006","Azerbaijan","Total","Total","Number","8,436,400",""
"2006","Georgia","Total","Total","Number","4,401,292",""
"2007","Belgium","Total","Total","Number","10,584,534",""
"2007","Bulgaria","Total","Total","Number","7,572,673",""
"2007","Czechia","Total","Total","Number","10,254,233",""
"2007","Denmark","Total","Total","Number","5,447,084",""
"2007","Germany (until 1990 former territory of the FRG)","Total","Total","Number","82,314,906",""
"2007","Estonia","Total","Total","Number","1,342,920",""
"2007","Ireland","Total","Total","Number","4,340,118",""
"2007","Greece","Total","Total","Number","11,036,008",""
"2007","Spain","Total","Total","Number","44,784,666",""
"2007","France","Total","Total","Number","63,645,065",""
"2007","France (metropolitan)","Total","Total","Number","61,795,238",""
"2007","Croatia","Total","Total","Number","4,313,530",""
"2007","Italy","Total","Total","Number","58,223,744",""
"2007","Cyprus","Total","Total","Number","757,916",""
"2007","Latvia","Total","Total","Number","2,208,840",""
"2007","Lithuania","Total","Total","Number","3,249,983",""
"2007","Luxembourg","Total","Total","Number","476,187",""
"2007","Hungary","Total","Total","Number","10,066,158",""
"2007","Malta","Total","Total","Number","405,616",""
"2007","Netherlands","Total","Total","Number","16,357,992",""
"2007","Austria","Total","Total","Number","8,282,984",""
"2007","Poland","Total","Total","Number","38,125,479",""
"2007","Portugal","Total","Total","Number","10,532,588",""
"2007","Romania","Total","Total","Number","21,130,503",""
"2007","Slovenia","Total","Total","Number","2,010,377",""
"2007","Slovakia","Total","Total","Number","5,373,180",""
"2007","Finland","Total","Total","Number","5,276,955",""
"2007","Sweden","Total","Total","Number","9,113,257",""
"2007","United Kingdom","Total","Total","Number","61,073,279",""
"2007","Iceland","Total","Total","Number","307,672",""
"2007","Liechtenstein","Total","Total","Number","35,168",""
"2007","Norway","Total","Total","Number","4,681,134",""
"2007","Switzerland","Total","Total","Number","7,508,739",""
"2007","Montenegro","Total","Total","Number","614,624",""
"2007","Former Yugoslav Republic of Macedonia, the","Total","Total","Number","2,041,941",""
"2007","Albania","Total","Total","Number","2,981,755",""
"2007","Serbia","Total","Total","Number","7,397,651",""
"2007","Turkey","Total","Total","Number","69,729,967",""
"2007","Andorra","Total","Total","Number","81,222",""
"2007","Belarus","Total","Total","Number","9,714,461",""
"2007","Bosnia and Herzegovina","Total","Total","Number","3,844,017",""
"2007","Kosovo (under United Nations Security Council Resolution 1244/99)","Total","Total","Number","2,126,708",""
"2007","Moldova","Total","Total","Number","3,581,110",""
"2007","Monaco","Total","Total","Number",":",""
"2007","Russia","Total","Total","Number","142,220,968",""
"2007","San Marino","Total","Total","Number","30,368",""
"2007","Ukraine","Total","Total","Number","46,465,691",""
"2007","Armenia","Total","Total","Number","3,222,953",""
"2007","Azerbaijan","Total","Total","Number","8,532,700",""
"2007","Georgia","Total","Total","Number","4,394,702",""
"2008","Belgium","Total","Total","Number","10,666,866",""
"2008","Bulgaria","Total","Total","Number","7,518,002",""
"2008","Czechia","Total","Total","Number","10,343,422",""
"2008","Denmark","Total","Total","Number","5,475,791",""
"2008","Germany (until 1990 former territory of the FRG)","Total","Total","Number","82,217,837",""
"2008","Estonia","Total","Total","Number","1,338,440",""
"2008","Ireland","Total","Total","Number","4,457,765",""
"2008","Greece","Total","Total","Number","11,060,937",""
"2008","Spain","Total","Total","Number","45,668,939",""
"2008","France","Total","Total","Number","64,007,193",""
"2008","France (metropolitan)","Total","Total","Number","62,134,866",""
"2008","Croatia","Total","Total","Number","4,311,967",""
"2008","Italy","Total","Total","Number","58,652,875",""
"2008","Cyprus","Total","Total","Number","776,333",""
"2008","Latvia","Total","Total","Number","2,191,810",""
"2008","Lithuania","Total","Total","Number","3,212,605",""
"2008","Luxembourg","Total","Total","Number","483,799",""
"2008","Hungary","Total","Total","Number","10,045,401",""
"2008","Malta","Total","Total","Number","407,832",""
"2008","Netherlands","Total","Total","Number","16,405,399",""
"2008","Austria","Total","Total","Number","8,307,989",""
"2008","Poland","Total","Total","Number","38,115,641",""
"2008","Portugal","Total","Total","Number","10,553,339",""
"2008","Romania","Total","Total","Number","20,635,460",""
"2008","Slovenia","Total","Total","Number","2,010,269","b"
"2008","Slovakia","Total","Total","Number","5,376,064",""
"2008","Finland","Total","Total","Number","5,300,484",""
"2008","Sweden","Total","Total","Number","9,182,927",""
"2008","United Kingdom","Total","Total","Number","61,571,647",""
"2008","Iceland","Total","Total","Number","315,459",""
"2008","Liechtenstein","Total","Total","Number","35,356",""
"2008","Norway","Total","Total","Number","4,737,171",""
"2008","Switzerland","Total","Total","Number","7,593,494",""
"2008","Montenegro","Total","Total","Number","615,543",""
"2008","Former Yugoslav Republic of Macedonia, the","Total","Total","Number","2,045,177",""
"2008","Albania","Total","Total","Number","2,958,266",""
"2008","Serbia","Total","Total","Number","7,365,507",""
"2008","Turkey","Total","Total","Number","70,586,256",""
"2008","Andorra","Total","Total","Number","83,137",""
"2008","Belarus","Total","Total","Number","9,689,770",""
"2008","Bosnia and Herzegovina","Total","Total","Number","3,843,846",""
"2008","Kosovo (under United Nations Security Council Resolution 1244/99)","Total","Total","Number","2,153,139",""
"2008","Moldova","Total","Total","Number","3,572,703",""
"2008","Monaco","Total","Total","Number",":",""
"2008","Russia","Total","Total","Number","142,008,838",""
"2008","San Marino","Total","Total","Number","32,054",""
"2008","Ukraine","Total","Total","Number","46,192,309",""
"2008","Armenia","Total","Total","Number","3,230,086",""
"2008","Azerbaijan","Total","Total","Number","8,629,900",""
"2008","Georgia","Total","Total","Number","4,382,070",""
"2009","Belgium","Total","Total","Number","10,753,080",""
"2009","Bulgaria","Total","Total","Number","7,467,119",""
"2009","Czechia","Total","Total","Number","10,425,783",""
"2009","Denmark","Total","Total","Number","5,511,451",""
"2009","Germany (until 1990 former territory of the FRG)","Total","Total","Number","82,002,356",""
"2009","Estonia","Total","Total","Number","1,335,740",""
"2009","Ireland","Total","Total","Number","4,521,322",""
"2009","Greece","Total","Total","Number","11,094,745",""
"2009","Spain","Total","Total","Number","46,239,273",""
"2009","France","Total","Total","Number","64,350,226",""
"2009","France (metropolitan)","Total","Total","Number","62,465,709",""
"2009","Croatia","Total","Total","Number","4,309,796",""
"2009","Italy","Total","Total","Number","59,000,586",""
"2009","Cyprus","Total","Total","Number","796,930",""
"2009","Latvia","Total","Total","Number","2,162,834",""
"2009","Lithuania","Total","Total","Number","3,183,856",""
"2009","Luxembourg","Total","Total","Number","493,500",""
"2009","Hungary","Total","Total","Number","10,030,975",""
"2009","Malta","Total","Total","Number","410,926",""
"2009","Netherlands","Total","Total","Number","16,485,787",""
"2009","Austria","Total","Total","Number","8,335,003",""
"2009","Poland","Total","Total","Number","38,135,876",""
"2009","Portugal","Total","Total","Number","10,563,014",""
"2009","Romania","Total","Total","Number","20,440,290",""
"2009","Slovenia","Total","Total","Number","2,032,362",""
"2009","Slovakia","Total","Total","Number","5,382,401",""
"2009","Finland","Total","Total","Number","5,326,314",""
"2009","Sweden","Total","Total","Number","9,256,347",""
"2009","United Kingdom","Total","Total","Number","62,042,343",""
"2009","Iceland","Total","Total","Number","319,368",""
"2009","Liechtenstein","Total","Total","Number","35,589",""
"2009","Norway","Total","Total","Number","4,799,252",""
"2009","Switzerland","Total","Total","Number","7,701,856",""
"2009","Montenegro","Total","Total","Number","617,157",""
"2009","Former Yugoslav Republic of Macedonia, the","Total","Total","Number","2,048,619",""
"2009","Albania","Total","Total","Number","2,936,355",""
"2009","Serbia","Total","Total","Number","7,334,937",""
"2009","Turkey","Total","Total","Number","71,517,100",""
"2009","Andorra","Total","Total","Number","84,484",""
"2009","Belarus","Total","Total","Number","9,671,912",""
"2009","Bosnia and Herzegovina","Total","Total","Number","3,843,998",""
"2009","Kosovo (under United Nations Security Council Resolution 1244/99)","Total","Total","Number","2,180,686",""
"2009","Moldova","Total","Total","Number","3,567,512",""
"2009","Monaco","Total","Total","Number",":",""
"2009","Russia","Total","Total","Number","141,903,979",""
"2009","San Marino","Total","Total","Number","31,269",""
"2009","Ukraine","Total","Total","Number","45,963,359",""
"2009","Armenia","Total","Total","Number","3,237,976",""
"2009","Azerbaijan","Total","Total","Number","8,896,900",""
"2009","Georgia","Total","Total","Number","4,385,429",""
"2010","Belgium","Total","Total","Number","10,839,905",""
"2010","Bulgaria","Total","Total","Number","7,421,766",""
"2010","Czechia","Total","Total","Number","10,462,088",""
"2010","Denmark","Total","Total","Number","5,534,738",""
"2010","Germany (until 1990 former territory of the FRG)","Total","Total","Number","81,802,257",""
"2010","Estonia","Total","Total","Number","1,333,290",""
"2010","Ireland","Total","Total","Number","4,549,428",""
"2010","Greece","Total","Total","Number","11,119,289",""
"2010","Spain","Total","Total","Number","46,486,619",""
"2010","France","Total","Total","Number","64,658,856",""
"2010","France (metropolitan)","Total","Total","Number","62,765,235",""
"2010","Croatia","Total","Total","Number","4,302,847",""
"2010","Italy","Total","Total","Number","59,190,143",""
"2010","Cyprus","Total","Total","Number","819,140",""
"2010","Latvia","Total","Total","Number","2,120,504",""
"2010","Lithuania","Total","Total","Number","3,141,976",""
"2010","Luxembourg","Total","Total","Number","502,066",""
"2010","Hungary","Total","Total","Number","10,014,324",""
"2010","Malta","Total","Total","Number","414,027",""
"2010","Netherlands","Total","Total","Number","16,574,989",""
"2010","Austria","Total","Total","Number","8,351,643",""
"2010","Poland","Total","Total","Number","38,022,869","b"
"2010","Portugal","Total","Total","Number","10,573,479",""
"2010","Romania","Total","Total","Number","20,294,683",""
"2010","Slovenia","Total","Total","Number","2,046,976",""
"2010","Slovakia","Total","Total","Number","5,390,410",""
"2010","Finland","Total","Total","Number","5,351,427",""
"2010","Sweden","Total","Total","Number","9,340,682",""
"2010","United Kingdom","Total","Total","Number","62,510,197",""
"2010","Iceland","Total","Total","Number","317,630",""
"2010","Liechtenstein","Total","Total","Number","35,894",""
"2010","Norway","Total","Total","Number","4,858,199",""
"2010","Switzerland","Total","Total","Number","7,785,806",""
"2010","Montenegro","Total","Total","Number","619,001",""
"2010","Former Yugoslav Republic of Macedonia, the","Total","Total","Number","2,052,722",""
"2010","Albania","Total","Total","Number","2,918,674",""
"2010","Serbia","Total","Total","Number","7,306,677",""
"2010","Turkey","Total","Total","Number","72,561,312",""
"2010","Andorra","Total","Total","Number","84,082",""
"2010","Belarus","Total","Total","Number","9,480,178",""
"2010","Bosnia and Herzegovina","Total","Total","Number","3,844,046",""
"2010","Kosovo (under United Nations Security Council Resolution 1244/99)","Total","Total","Number","2,208,107",""
"2010","Moldova","Total","Total","Number","3,563,695",""
"2010","Monaco","Total","Total","Number",":",""
"2010","Russia","Total","Total","Number","141,914,509",""
"2010","San Marino","Total","Total","Number",":",""
"2010","Ukraine","Total","Total","Number","45,782,592",""
"2010","Armenia","Total","Total","Number","3,249,482",""
"2010","Azerbaijan","Total","Total","Number","8,997,586",""
"2010","Georgia","Total","Total","Number","4,436,391",""
"2011","Belgium","Total","Total","Number","11,000,638","b"
"2011","Bulgaria","Total","Total","Number","7,369,431",""
"2011","Czechia","Total","Total","Number","10,486,731",""
"2011","Denmark","Total","Total","Number","5,560,628",""
"2011","Germany (until 1990 former territory of the FRG)","Total","Total","Number","80,222,065","b"
"2011","Estonia","Total","Total","Number","1,329,660",""
"2011","Ireland","Total","Total","Number","4,570,881",""
"2011","Greece","Total","Total","Number","11,123,392",""
"2011","Spain","Total","Total","Number","46,667,174",""
"2011","France","Total","Total","Number","64,978,721",""
"2011","France (metropolitan)","Total","Total","Number","63,070,344",""
"2011","Croatia","Total","Total","Number","4,289,857",""
"2011","Italy","Total","Total","Number","59,364,690",""
"2011","Cyprus","Total","Total","Number","839,751",""
"2011","Latvia","Total","Total","Number","2,074,605",""
"2011","Lithuania","Total","Total","Number","3,052,588",""
"2011","Luxembourg","Total","Total","Number","511,840",""
"2011","Hungary","Total","Total","Number","9,985,722",""
"2011","Malta","Total","Total","Number","414,989",""
"2011","Netherlands","Total","Total","Number","16,655,799",""
"2011","Austria","Total","Total","Number","8,375,164",""
"2011","Poland","Total","Total","Number","38,062,718",""
"2011","Portugal","Total","Total","Number","10,572,721",""
"2011","Romania","Total","Total","Number","20,199,059",""
"2011","Slovenia","Total","Total","Number","2,050,189",""
"2011","Slovakia","Total","Total","Number","5,392,446",""
"2011","Finland","Total","Total","Number","5,375,276",""
"2011","Sweden","Total","Total","Number","9,415,570",""
"2011","United Kingdom","Total","Total","Number","63,022,532",""
"2011","Iceland","Total","Total","Number","318,452",""
"2011","Liechtenstein","Total","Total","Number","36,149",""
"2011","Norway","Total","Total","Number","4,920,305",""
"2011","Switzerland","Total","Total","Number","7,870,134","b"
"2011","Montenegro","Total","Total","Number","619,850",""
"2011","Former Yugoslav Republic of Macedonia, the","Total","Total","Number","2,057,284",""
"2011","Albania","Total","Total","Number","2,907,361",""
"2011","Serbia","Total","Total","Number","7,251,549","b"
"2011","Turkey","Total","Total","Number","73,722,988",""
"2011","Andorra","Total","Total","Number","78,115",""
"2011","Belarus","Total","Total","Number","9,481,193",""
"2011","Bosnia and Herzegovina","Total","Total","Number","3,843,183",""
"2011","Kosovo (under United Nations Security Council Resolution 1244/99)","Total","Total","Number","1,794,180","b"
"2011","Moldova","Total","Total","Number","3,560,430",""
"2011","Monaco","Total","Total","Number",":",""
"2011","Russia","Total","Total","Number","142,856,536",""
"2011","San Marino","Total","Total","Number","31,863",""
"2011","Ukraine","Total","Total","Number","45,598,179",""
"2011","Armenia","Total","Total","Number","3,262,650",""
"2011","Azerbaijan","Total","Total","Number","9,111,078",""
"2011","Georgia","Total","Total","Number","4,469,250",""
"2012","Belgium","Total","Total","Number","11,075,889","b"
"2012","Bulgaria","Total","Total","Number","7,327,224",""
"2012","Czechia","Total","Total","Number","10,505,445",""
"2012","Denmark","Total","Total","Number","5,580,516",""
"2012","Germany (until 1990 former territory of the FRG)","Total","Total","Number","80,327,900",""
"2012","Estonia","Total","Total","Number","1,325,217",""
"2012","Ireland","Total","Total","Number","4,589,287",""
"2012","Greece","Total","Total","Number","11,086,406",""
"2012","Spain","Total","Total","Number","46,818,219",""
"2012","France","Total","Total","Number","65,276,983","b"
"2012","France (metropolitan)","Total","Total","Number","63,375,971",""
"2012","Croatia","Total","Total","Number","4,275,984",""
"2012","Italy","Total","Total","Number","59,394,207",""
"2012","Cyprus","Total","Total","Number","862,011",""
"2012","Latvia","Total","Total","Number","2,044,813",""
"2012","Lithuania","Total","Total","Number","3,003,641",""
"2012","Luxembourg","Total","Total","Number","524,853","b"
"2012","Hungary","Total","Total","Number","9,931,925","b"
"2012","Malta","Total","Total","Number","417,546",""
"2012","Netherlands","Total","Total","Number","16,730,348",""
"2012","Austria","Total","Total","Number","8,408,121",""
"2012","Poland","Total","Total","Number","38,063,792",""
"2012","Portugal","Total","Total","Number","10,542,398",""
"2012","Romania","Total","Total","Number","20,095,996",""
"2012","Slovenia","Total","Total","Number","2,055,496",""
"2012","Slovakia","Total","Total","Number","5,404,322",""
"2012","Finland","Total","Total","Number","5,401,267",""
"2012","Sweden","Total","Total","Number","9,482,855",""
"2012","United Kingdom","Total","Total","Number","63,495,303",""
"2012","Iceland","Total","Total","Number","319,575",""
"2012","Liechtenstein","Total","Total","Number","36,475",""
"2012","Norway","Total","Total","Number","4,985,870",""
"2012","Switzerland","Total","Total","Number","7,954,662",""
"2012","Montenegro","Total","Total","Number","620,308",""
"2012","Former Yugoslav Republic of Macedonia, the","Total","Total","Number","2,059,794",""
"2012","Albania","Total","Total","Number","2,903,008",""
"2012","Serbia","Total","Total","Number","7,216,649",""
"2012","Turkey","Total","Total","Number","74,724,269",""
"2012","Andorra","Total","Total","Number","78,115",""
"2012","Belarus","Total","Total","Number","9,465,150",""
"2012","Bosnia and Herzegovina","Total","Total","Number","3,839,265",""
"2012","Kosovo (under United Nations Security Council Resolution 1244/99)","Total","Total","Number",":","p"
"2012","Moldova","Total","Total","Number","3,559,541",""
"2012","Monaco","Total","Total","Number",":",""
"2012","Russia","Total","Total","Number","143,056,383",""
"2012","San Marino","Total","Total","Number","33,376",""
"2012","Ukraine","Total","Total","Number","45,453,282",""
"2012","Armenia","Total","Total","Number","3,274,285",""
"2012","Azerbaijan","Total","Total","Number","9,235,085",""
"2012","Georgia","Total","Total","Number","4,497,617",""
"2013","Belgium","Total","Total","Number","11,137,974",""
"2013","Bulgaria","Total","Total","Number","7,284,552",""
"2013","Czechia","Total","Total","Number","10,516,125",""
"2013","Denmark","Total","Total","Number","5,602,628",""
"2013","Germany (until 1990 former territory of the FRG)","Total","Total","Number","80,523,746",""
"2013","Estonia","Total","Total","Number","1,320,174",""
"2013","Ireland","Total","Total","Number","4,609,779",""
"2013","Greece","Total","Total","Number","11,003,615",""
"2013","Spain","Total","Total","Number","46,727,890",""
"2013","France","Total","Total","Number","65,600,350",""
"2013","France (metropolitan)","Total","Total","Number","63,697,865",""
"2013","Croatia","Total","Total","Number","4,262,140",""
"2013","Italy","Total","Total","Number","59,685,227",""
"2013","Cyprus","Total","Total","Number","865,878",""
"2013","Latvia","Total","Total","Number","2,023,825",""
"2013","Lithuania","Total","Total","Number","2,971,905",""
"2013","Luxembourg","Total","Total","Number","537,039",""
"2013","Hungary","Total","Total","Number","9,908,798",""
"2013","Malta","Total","Total","Number","422,509",""
"2013","Netherlands","Total","Total","Number","16,779,575",""
"2013","Austria","Total","Total","Number","8,451,860",""
"2013","Poland","Total","Total","Number","38,062,535",""
"2013","Portugal","Total","Total","Number","10,487,289",""
"2013","Romania","Total","Total","Number","20,020,074",""
"2013","Slovenia","Total","Total","Number","2,058,821",""
"2013","Slovakia","Total","Total","Number","5,410,836",""
"2013","Finland","Total","Total","Number","5,426,674",""
"2013","Sweden","Total","Total","Number","9,555,893",""
"2013","United Kingdom","Total","Total","Number","63,905,297",""
"2013","Iceland","Total","Total","Number","321,857",""
"2013","Liechtenstein","Total","Total","Number","36,838",""
"2013","Norway","Total","Total","Number","5,051,275",""
"2013","Switzerland","Total","Total","Number","8,039,060",""
"2013","Montenegro","Total","Total","Number","620,893",""
"2013","Former Yugoslav Republic of Macedonia, the","Total","Total","Number","2,062,294",""
"2013","Albania","Total","Total","Number","2,897,770",""
"2013","Serbia","Total","Total","Number","7,181,505",""
"2013","Turkey","Total","Total","Number","75,627,384",""
"2013","Andorra","Total","Total","Number","76,246",""
"2013","Belarus","Total","Total","Number","9,463,840",""
"2013","Bosnia and Herzegovina","Total","Total","Number",":",""
"2013","Kosovo (under United Nations Security Council Resolution 1244/99)","Total","Total","Number",":",""
"2013","Moldova","Total","Total","Number","3,559,497",""
"2013","Monaco","Total","Total","Number",":",""
"2013","Russia","Total","Total","Number",":",""
"2013","San Marino","Total","Total","Number","33,562",""
"2013","Ukraine","Total","Total","Number","45,372,692",""
"2013","Armenia","Total","Total","Number",":",""
"2013","Azerbaijan","Total","Total","Number","9,356,483",""
"2013","Georgia","Total","Total","Number",":",""
"2014","Belgium","Total","Total","Number","11,180,840",""
"2014","Bulgaria","Total","Total","Number","7,245,677",""
"2014","Czechia","Total","Total","Number","10,512,419",""
"2014","Denmark","Total","Total","Number","5,627,235",""
"2014","Germany (until 1990 former territory of the FRG)","Total","Total","Number","80,767,463",""
"2014","Estonia","Total","Total","Number","1,315,819",""
"2014","Ireland","Total","Total","Number","4,637,852",""
"2014","Greece","Total","Total","Number","10,926,807",""
"2014","Spain","Total","Total","Number","46,512,199",""
"2014","France","Total","Total","Number","65,942,267",""
"2014","France (metropolitan)","Total","Total","Number",":",""
"2014","Croatia","Total","Total","Number","4,246,809",""
"2014","Italy","Total","Total","Number","60,782,668",""
"2014","Cyprus","Total","Total","Number","858,000",""
"2014","Latvia","Total","Total","Number","2,001,468",""
"2014","Lithuania","Total","Total","Number","2,943,472",""
"2014","Luxembourg","Total","Total","Number","549,680",""
"2014","Hungary","Total","Total","Number","9,877,365",""
"2014","Malta","Total","Total","Number","429,424",""
"2014","Netherlands","Total","Total","Number","16,829,289",""
"2014","Austria","Total","Total","Number","8,507,786",""
"2014","Poland","Total","Total","Number","38,017,856",""
"2014","Portugal","Total","Total","Number","10,427,301",""
"2014","Romania","Total","Total","Number","19,947,311","e"
"2014","Slovenia","Total","Total","Number","2,061,085",""
"2014","Slovakia","Total","Total","Number","5,415,949",""
"2014","Finland","Total","Total","Number","5,451,270",""
"2014","Sweden","Total","Total","Number","9,644,864",""
"2014","United Kingdom","Total","Total","Number","64,351,155",""
"2014","Iceland","Total","Total","Number","325,671",""
"2014","Liechtenstein","Total","Total","Number","37,129",""
"2014","Norway","Total","Total","Number","5,107,970",""
"2014","Switzerland","Total","Total","Number","8,139,631",""
"2014","Montenegro","Total","Total","Number","621,521",""
"2014","Former Yugoslav Republic of Macedonia, the","Total","Total","Number","2,065,769",""
"2014","Albania","Total","Total","Number","2,892,394",""
"2014","Serbia","Total","Total","Number","7,146,759",""
"2014","Turkey","Total","Total","Number","76,667,864",""
"2014","Andorra","Total","Total","Number",":",""
"2014","Belarus","Total","Total","Number","9,468,154",""
"2014","Bosnia and Herzegovina","Total","Total","Number",":",""
"2014","Kosovo (under United Nations Security Council Resolution 1244/99)","Total","Total","Number",":",""
"2014","Moldova","Total","Total","Number","3,557,634",""
"2014","Monaco","Total","Total","Number",":",""
"2014","Russia","Total","Total","Number","143,666,931",""
"2014","San Marino","Total","Total","Number",":",""
"2014","Ukraine","Total","Total","Number","45,245,894",""
"2014","Armenia","Total","Total","Number",":",""
"2014","Azerbaijan","Total","Total","Number","9,477,119",""
"2014","Georgia","Total","Total","Number","4,490,498",""
"2015","Belgium","Total","Total","Number","11,237,274",""
"2015","Bulgaria","Total","Total","Number","7,202,198",""
"2015","Czechia","Total","Total","Number","10,538,275",""
"2015","Denmark","Total","Total","Number","5,659,715",""
"2015","Germany (until 1990 former territory of the FRG)","Total","Total","Number","81,197,537",""
"2015","Estonia","Total","Total","Number","1,314,870","b"
"2015","Ireland","Total","Total","Number","4,677,627",""
"2015","Greece","Total","Total","Number","10,858,018",""
"2015","Spain","Total","Total","Number","46,449,565",""
"2015","France","Total","Total","Number","66,456,279","b"
"2015","France (metropolitan)","Total","Total","Number",":",""
"2015","Croatia","Total","Total","Number","4,225,316",""
"2015","Italy","Total","Total","Number","60,795,612",""
"2015","Cyprus","Total","Total","Number","847,008",""
"2015","Latvia","Total","Total","Number","1,986,096",""
"2015","Lithuania","Total","Total","Number","2,921,262",""
"2015","Luxembourg","Total","Total","Number","562,958",""
"2015","Hungary","Total","Total","Number","9,855,571",""
"2015","Malta","Total","Total","Number","439,691",""
"2015","Netherlands","Total","Total","Number","16,900,726",""
"2015","Austria","Total","Total","Number","8,584,926",""
"2015","Poland","Total","Total","Number","38,005,614",""
"2015","Portugal","Total","Total","Number","10,374,822",""
"2015","Romania","Total","Total","Number","19,870,647","e"
"2015","Slovenia","Total","Total","Number","2,062,874",""
"2015","Slovakia","Total","Total","Number","5,421,349",""
"2015","Finland","Total","Total","Number","5,471,753",""
"2015","Sweden","Total","Total","Number","9,747,355",""
"2015","United Kingdom","Total","Total","Number","64,875,165","e"
"2015","Iceland","Total","Total","Number","329,100",""
"2015","Liechtenstein","Total","Total","Number","37,366",""
"2015","Norway","Total","Total","Number","5,166,493",""
"2015","Switzerland","Total","Total","Number","8,237,666",""
"2015","Montenegro","Total","Total","Number","622,099",""
"2015","Former Yugoslav Republic of Macedonia, the","Total","Total","Number","2,069,172",""
"2015","Albania","Total","Total","Number","2,885,796",""
"2015","Serbia","Total","Total","Number","7,114,393",""
"2015","Turkey","Total","Total","Number","77,695,904",""
"2015","Andorra","Total","Total","Number",":",""
"2015","Belarus","Total","Total","Number","9,480,868",""
"2015","Bosnia and Herzegovina","Total","Total","Number",":",""
"2015","Kosovo (under United Nations Security Council Resolution 1244/99)","Total","Total","Number",":",""
"2015","Moldova","Total","Total","Number","3,555,159",""
"2015","Monaco","Total","Total","Number",":",""
"2015","Russia","Total","Total","Number",":",""
"2015","San Marino","Total","Total","Number",":",""
"2015","Ukraine","Total","Total","Number","42,759,661","b"
"2015","Armenia","Total","Total","Number","3,010,598",""
"2015","Azerbaijan","Total","Total","Number","9,593,038",""
"2015","Georgia","Total","Total","Number","3,729,500",""
"2016","Belgium","Total","Total","Number","11,311,117",""
"2016","Bulgaria","Total","Total","Number","7,153,784",""
"2016","Czechia","Total","Total","Number","10,553,843",""
"2016","Denmark","Total","Total","Number","5,707,251",""
"2016","Germany (until 1990 former territory of the FRG)","Total","Total","Number","82,175,684",""
"2016","Estonia","Total","Total","Number","1,315,944",""
"2016","Ireland","Total","Total","Number","4,726,286",""
"2016","Greece","Total","Total","Number","10,783,748",""
"2016","Spain","Total","Total","Number","46,440,099",""
"2016","France","Total","Total","Number","66,730,453","p"
"2016","France (metropolitan)","Total","Total","Number",":",""
"2016","Croatia","Total","Total","Number","4,190,669",""
"2016","Italy","Total","Total","Number","60,665,551",""
"2016","Cyprus","Total","Total","Number","848,319",""
"2016","Latvia","Total","Total","Number","1,968,957",""
"2016","Lithuania","Total","Total","Number","2,888,558",""
"2016","Luxembourg","Total","Total","Number","576,249",""
"2016","Hungary","Total","Total","Number","9,830,485",""
"2016","Malta","Total","Total","Number","450,415",""
"2016","Netherlands","Total","Total","Number","16,979,120",""
"2016","Austria","Total","Total","Number","8,700,471",""
"2016","Poland","Total","Total","Number","37,967,209",""
"2016","Portugal","Total","Total","Number","10,341,330",""
"2016","Romania","Total","Total","Number","19,760,314",""
"2016","Slovenia","Total","Total","Number","2,064,188",""
"2016","Slovakia","Total","Total","Number","5,426,252",""
"2016","Finland","Total","Total","Number","5,487,308",""
"2016","Sweden","Total","Total","Number","9,851,017",""
"2016","United Kingdom","Total","Total","Number","65,382,556","e"
"2016","Iceland","Total","Total","Number","332,529",""
"2016","Liechtenstein","Total","Total","Number","37,622",""
"2016","Norway","Total","Total","Number","5,210,721",""
"2016","Switzerland","Total","Total","Number","8,327,126",""
"2016","Montenegro","Total","Total","Number","622,218",""
"2016","Former Yugoslav Republic of Macedonia, the","Total","Total","Number","2,071,278",""
"2016","Albania","Total","Total","Number","2,875,592",""
"2016","Serbia","Total","Total","Number","7,076,372",""
"2016","Turkey","Total","Total","Number","78,741,053",""
"2016","Andorra","Total","Total","Number",":",""
"2016","Belarus","Total","Total","Number","9,498,364",""
"2016","Bosnia and Herzegovina","Total","Total","Number",":",""
"2016","Kosovo (under United Nations Security Council Resolution 1244/99)","Total","Total","Number","1,771,604","p"
"2016","Moldova","Total","Total","Number",":",""
"2016","Monaco","Total","Total","Number",":",""
"2016","Russia","Total","Total","Number",":",""
"2016","San Marino","Total","Total","Number",":",""
"2016","Ukraine","Total","Total","Number","42,590,879",""
"2016","Armenia","Total","Total","Number","2,998,577",""
"2016","Azerbaijan","Total","Total","Number","9,705,643",""
"2016","Georgia","Total","Total","Number","3,720,400",""
"2017","Belgium","Total","Total","Number","11,351,727",""
"2017","Bulgaria","Total","Total","Number","7,101,859",""
"2017","Czechia","Total","Total","Number","10,578,820",""
"2017","Denmark","Total","Total","Number","5,748,769",""
"2017","Germany (until 1990 former territory of the FRG)","Total","Total","Number","82,521,653",""
"2017","Estonia","Total","Total","Number","1,315,635",""
"2017","Ireland","Total","Total","Number","4,784,383",""
"2017","Greece","Total","Total","Number","10,768,193",""
"2017","Spain","Total","Total","Number","46,528,024",""
"2017","France","Total","Total","Number","66,989,083","p"
"2017","France (metropolitan)","Total","Total","Number",":",""
"2017","Croatia","Total","Total","Number","4,154,213",""
"2017","Italy","Total","Total","Number","60,589,445",""
"2017","Cyprus","Total","Total","Number","854,802",""
"2017","Latvia","Total","Total","Number","1,950,116",""
"2017","Lithuania","Total","Total","Number","2,847,904",""
"2017","Luxembourg","Total","Total","Number","590,667","b"
"2017","Hungary","Total","Total","Number","9,797,561",""
"2017","Malta","Total","Total","Number","460,297",""
"2017","Netherlands","Total","Total","Number","17,081,507",""
"2017","Austria","Total","Total","Number","8,772,865",""
"2017","Poland","Total","Total","Number","37,972,964",""
"2017","Portugal","Total","Total","Number","10,309,573",""
"2017","Romania","Total","Total","Number","19,644,350",""
"2017","Slovenia","Total","Total","Number","2,065,895",""
"2017","Slovakia","Total","Total","Number","5,435,343",""
"2017","Finland","Total","Total","Number","5,503,297",""
"2017","Sweden","Total","Total","Number","9,995,153",""
"2017","United Kingdom","Total","Total","Number","65,808,573",""
"2017","Iceland","Total","Total","Number","338,349",""
"2017","Liechtenstein","Total","Total","Number","37,810",""
"2017","Norway","Total","Total","Number","5,258,317",""
"2017","Switzerland","Total","Total","Number","8,419,550",""
"2017","Montenegro","Total","Total","Number","622,387",""
"2017","Former Yugoslav Republic of Macedonia, the","Total","Total","Number","2,073,702",""
"2017","Albania","Total","Total","Number","2,876,591",""
"2017","Serbia","Total","Total","Number","7,040,272",""
"2017","Turkey","Total","Total","Number","79,814,871",""
"2017","Andorra","Total","Total","Number",":",""
"2017","Belarus","Total","Total","Number","9,504,704",""
"2017","Bosnia and Herzegovina","Total","Total","Number",":",""
"2017","Kosovo (under United Nations Security Council Resolution 1244/99)","Total","Total","Number","1,783,531",""
"2017","Moldova","Total","Total","Number","3,550,852",""
"2017","Monaco","Total","Total","Number",":",""
"2017","Russia","Total","Total","Number",":",""
"2017","San Marino","Total","Total","Number",":",""
"2017","Ukraine","Total","Total","Number","42,414,905",""
"2017","Armenia","Total","Total","Number","2,986,151",""
"2017","Azerbaijan","Total","Total","Number","9,809,981",""
"2017","Georgia","Total","Total","Number","3,718,200",""
