"TIME","GEO","TRA_INFR","UNIT","Value","Flag and Footnotes"
"2001","Belgium","Motorways","Kilometre","1,727",""
"2001","Belgium","Other roads","Kilometre","142,398",""
"2001","Bulgaria","Motorways","Kilometre",":",""
"2001","Bulgaria","Other roads","Kilometre",":",""
"2001","Czechia","Motorways","Kilometre","518",""
"2001","Czechia","Other roads","Kilometre","54,909",""
"2001","Denmark","Motorways","Kilometre","972",""
"2001","Denmark","Other roads","Kilometre","70,918",""
"2001","Germany (until 1990 former territory of the FRG)","Motorways","Kilometre","11,786",""
"2001","Germany (until 1990 former territory of the FRG)","Other roads","Kilometre","219,062",""
"2001","Estonia","Motorways","Kilometre","93",""
"2001","Estonia","Other roads","Kilometre","56,229",""
"2001","Ireland","Motorways","Kilometre","125",""
"2001","Ireland","Other roads","Kilometre","95,611",""
"2001","Greece","Motorways","Kilometre",":",""
"2001","Greece","Other roads","Kilometre",":",""
"2001","Spain","Motorways","Kilometre","9,571",""
"2001","Spain","Other roads","Kilometre","154,228",""
"2001","France","Motorways","Kilometre","10,062",""
"2001","France","Other roads","Kilometre","995,911",""
"2001","Croatia","Motorways","Kilometre","429",""
"2001","Croatia","Other roads","Kilometre","27,846",""
"2001","Italy","Motorways","Kilometre","6,479",""
"2001","Italy","Other roads","Kilometre","161,248",""
"2001","Cyprus","Motorways","Kilometre","257",""
"2001","Cyprus","Other roads","Kilometre","11,151",""
"2001","Latvia","Motorways","Kilometre","0",""
"2001","Latvia","Other roads","Kilometre","60,639",""
"2001","Lithuania","Motorways","Kilometre","417",""
"2001","Lithuania","Other roads","Kilometre","76,156",""
"2001","Luxembourg","Motorways","Kilometre","115",""
"2001","Luxembourg","Other roads","Kilometre","2,863",""
"2001","Hungary","Motorways","Kilometre","448",""
"2001","Hungary","Other roads","Kilometre","29,874",""
"2001","Malta","Motorways","Kilometre",":","z"
"2001","Malta","Other roads","Kilometre","2,254",""
"2001","Netherlands","Motorways","Kilometre","2,497",""
"2001","Netherlands","Other roads","Kilometre","127,948",""
"2001","Austria","Motorways","Kilometre","1,633",""
"2001","Austria","Other roads","Kilometre","105,367",""
"2001","Poland","Motorways","Kilometre","398",""
"2001","Poland","Other roads","Kilometre","377,289",""
"2001","Portugal","Motorways","Kilometre","1,659",""
"2001","Portugal","Other roads","Kilometre",":",""
"2001","Romania","Motorways","Kilometre","113",""
"2001","Romania","Other roads","Kilometre","78,379",""
"2001","Slovenia","Motorways","Kilometre","435",""
"2001","Slovenia","Other roads","Kilometre","38,139",""
"2001","Slovakia","Motorways","Kilometre","296",""
"2001","Slovakia","Other roads","Kilometre","42,660",""
"2001","Finland","Motorways","Kilometre","591",""
"2001","Finland","Other roads","Kilometre","78,379",""
"2001","Sweden","Motorways","Kilometre","1,507",""
"2001","Sweden","Other roads","Kilometre","96,733",""
"2001","United Kingdom","Motorways","Kilometre","3,591",""
"2001","United Kingdom","Other roads","Kilometre","412,119",""
"2001","Liechtenstein","Motorways","Kilometre",":",""
"2001","Liechtenstein","Other roads","Kilometre","401",""
"2001","Norway","Motorways","Kilometre",":",""
"2001","Norway","Other roads","Kilometre",":",""
"2001","Switzerland","Motorways","Kilometre","1,305",""
"2001","Switzerland","Other roads","Kilometre","69,881",""
"2001","Turkey","Motorways","Kilometre","1,839",""
"2001","Turkey","Other roads","Kilometre","352,522",""
"2002","Belgium","Motorways","Kilometre","1,729",""
"2002","Belgium","Other roads","Kilometre","142,398",""
"2002","Bulgaria","Motorways","Kilometre",":",""
"2002","Bulgaria","Other roads","Kilometre",":",""
"2002","Czechia","Motorways","Kilometre","518",""
"2002","Czechia","Other roads","Kilometre","54,904",""
"2002","Denmark","Motorways","Kilometre","1,010",""
"2002","Denmark","Other roads","Kilometre","70,941",""
"2002","Germany (until 1990 former territory of the FRG)","Motorways","Kilometre","12,037",""
"2002","Germany (until 1990 former territory of the FRG)","Other roads","Kilometre","219,544",""
"2002","Estonia","Motorways","Kilometre","98",""
"2002","Estonia","Other roads","Kilometre","56,008",""
"2002","Ireland","Motorways","Kilometre","125",""
"2002","Ireland","Other roads","Kilometre","95,627",""
"2002","Greece","Motorways","Kilometre",":",""
"2002","Greece","Other roads","Kilometre",":",""
"2002","Spain","Motorways","Kilometre","9,739",""
"2002","Spain","Other roads","Kilometre","154,400",""
"2002","France","Motorways","Kilometre","10,220",""
"2002","France","Other roads","Kilometre","993,023",""
"2002","Croatia","Motorways","Kilometre","455",""
"2002","Croatia","Other roads","Kilometre","27,889",""
"2002","Italy","Motorways","Kilometre","6,487",""
"2002","Italy","Other roads","Kilometre","148,768",""
"2002","Cyprus","Motorways","Kilometre","268",""
"2002","Cyprus","Other roads","Kilometre","11,325",""
"2002","Latvia","Motorways","Kilometre","0",""
"2002","Latvia","Other roads","Kilometre","60,472",""
"2002","Lithuania","Motorways","Kilometre","417",""
"2002","Lithuania","Other roads","Kilometre","76,760",""
"2002","Luxembourg","Motorways","Kilometre","126",""
"2002","Luxembourg","Other roads","Kilometre","2,854",""
"2002","Hungary","Motorways","Kilometre","533",""
"2002","Hungary","Other roads","Kilometre","29,927",""
"2002","Malta","Motorways","Kilometre",":","z"
"2002","Malta","Other roads","Kilometre","2,271",""
"2002","Netherlands","Motorways","Kilometre","2,517",""
"2002","Netherlands","Other roads","Kilometre","129,013",""
"2002","Austria","Motorways","Kilometre","1,644",""
"2002","Austria","Other roads","Kilometre","105,356",""
"2002","Poland","Motorways","Kilometre","405",""
"2002","Poland","Other roads","Kilometre","371,934",""
"2002","Portugal","Motorways","Kilometre","1,835",""
"2002","Portugal","Other roads","Kilometre",":",""
"2002","Romania","Motorways","Kilometre","113",""
"2002","Romania","Other roads","Kilometre","78,783",""
"2002","Slovenia","Motorways","Kilometre","456",""
"2002","Slovenia","Other roads","Kilometre","38,065",""
"2002","Slovakia","Motorways","Kilometre","307",""
"2002","Slovakia","Other roads","Kilometre","42,668",""
"2002","Finland","Motorways","Kilometre","603",""
"2002","Finland","Other roads","Kilometre","78,446",""
"2002","Sweden","Motorways","Kilometre","1,545",""
"2002","Sweden","Other roads","Kilometre","96,747",""
"2002","United Kingdom","Motorways","Kilometre","3,592",""
"2002","United Kingdom","Other roads","Kilometre","412,859",""
"2002","Liechtenstein","Motorways","Kilometre",":",""
"2002","Liechtenstein","Other roads","Kilometre","401",""
"2002","Norway","Motorways","Kilometre",":",""
"2002","Norway","Other roads","Kilometre",":",""
"2002","Switzerland","Motorways","Kilometre","1,304",""
"2002","Switzerland","Other roads","Kilometre","69,888",""
"2002","Turkey","Motorways","Kilometre","1,845",""
"2002","Turkey","Other roads","Kilometre","352,570",""
"2003","Belgium","Motorways","Kilometre","1,729",""
"2003","Belgium","Other roads","Kilometre","142,398",""
"2003","Bulgaria","Motorways","Kilometre",":",""
"2003","Bulgaria","Other roads","Kilometre",":",""
"2003","Czechia","Motorways","Kilometre","518",""
"2003","Czechia","Other roads","Kilometre","54,929",""
"2003","Denmark","Motorways","Kilometre","1,027",""
"2003","Denmark","Other roads","Kilometre","71,048",""
"2003","Germany (until 1990 former territory of the FRG)","Motorways","Kilometre","12,044",""
"2003","Germany (until 1990 former territory of the FRG)","Other roads","Kilometre","219,376",""
"2003","Estonia","Motorways","Kilometre","98",""
"2003","Estonia","Other roads","Kilometre","56,862",""
"2003","Ireland","Motorways","Kilometre","176",""
"2003","Ireland","Other roads","Kilometre","95,843",""
"2003","Greece","Motorways","Kilometre",":",""
"2003","Greece","Other roads","Kilometre",":",""
"2003","Spain","Motorways","Kilometre","10,299",""
"2003","Spain","Other roads","Kilometre","154,285",""
"2003","France","Motorways","Kilometre","10,385",""
"2003","France","Other roads","Kilometre","996,556",""
"2003","Croatia","Motorways","Kilometre","554",""
"2003","Croatia","Other roads","Kilometre","27,790",""
"2003","Italy","Motorways","Kilometre","6,487",""
"2003","Italy","Other roads","Kilometre","166,356",""
"2003","Cyprus","Motorways","Kilometre","268",""
"2003","Cyprus","Other roads","Kilometre","11,492",""
"2003","Latvia","Motorways","Kilometre","0",""
"2003","Latvia","Other roads","Kilometre","59,434",""
"2003","Lithuania","Motorways","Kilometre","417",""
"2003","Lithuania","Other roads","Kilometre","78,476",""
"2003","Luxembourg","Motorways","Kilometre","147",""
"2003","Luxembourg","Other roads","Kilometre","2,875",""
"2003","Hungary","Motorways","Kilometre","542",""
"2003","Hungary","Other roads","Kilometre","29,994",""
"2003","Malta","Motorways","Kilometre",":","z"
"2003","Malta","Other roads","Kilometre","2,227",""
"2003","Netherlands","Motorways","Kilometre","2,542",""
"2003","Netherlands","Other roads","Kilometre","129,856",""
"2003","Austria","Motorways","Kilometre","1,644",""
"2003","Austria","Other roads","Kilometre","105,416",""
"2003","Poland","Motorways","Kilometre","405",""
"2003","Poland","Other roads","Kilometre","376,884",""
"2003","Portugal","Motorways","Kilometre","2,002",""
"2003","Portugal","Other roads","Kilometre",":",""
"2003","Romania","Motorways","Kilometre","113",""
"2003","Romania","Other roads","Kilometre","78,888",""
"2003","Slovenia","Motorways","Kilometre","477",""
"2003","Slovenia","Other roads","Kilometre","37,924",""
"2003","Slovakia","Motorways","Kilometre","318",""
"2003","Slovakia","Other roads","Kilometre","42,679",""
"2003","Finland","Motorways","Kilometre","653",""
"2003","Finland","Other roads","Kilometre","78,455",""
"2003","Sweden","Motorways","Kilometre","1,591",""
"2003","Sweden","Other roads","Kilometre","98,267",""
"2003","United Kingdom","Motorways","Kilometre","3,592",""
"2003","United Kingdom","Other roads","Kilometre","413,575",""
"2003","Liechtenstein","Motorways","Kilometre",":",""
"2003","Liechtenstein","Other roads","Kilometre","401",""
"2003","Norway","Motorways","Kilometre",":",""
"2003","Norway","Other roads","Kilometre",":",""
"2003","Switzerland","Motorways","Kilometre","1,351",""
"2003","Switzerland","Other roads","Kilometre","69,942",""
"2003","Turkey","Motorways","Kilometre","1,880",""
"2003","Turkey","Other roads","Kilometre","353,076",""
"2004","Belgium","Motorways","Kilometre",":",""
"2004","Belgium","Other roads","Kilometre",":",""
"2004","Bulgaria","Motorways","Kilometre","331",""
"2004","Bulgaria","Other roads","Kilometre","18,945",""
"2004","Czechia","Motorways","Kilometre","546",""
"2004","Czechia","Other roads","Kilometre","54,954",""
"2004","Denmark","Motorways","Kilometre","1,032",""
"2004","Denmark","Other roads","Kilometre","71,225",""
"2004","Germany (until 1990 former territory of the FRG)","Motorways","Kilometre","12,174",""
"2004","Germany (until 1990 former territory of the FRG)","Other roads","Kilometre","219,293",""
"2004","Estonia","Motorways","Kilometre","96",""
"2004","Estonia","Other roads","Kilometre","56,941",""
"2004","Ireland","Motorways","Kilometre",":",""
"2004","Ireland","Other roads","Kilometre","96,321",""
"2004","Greece","Motorways","Kilometre",":",""
"2004","Greece","Other roads","Kilometre",":",""
"2004","Spain","Motorways","Kilometre","10,747",""
"2004","Spain","Other roads","Kilometre","154,405",""
"2004","France","Motorways","Kilometre","10,493",""
"2004","France","Other roads","Kilometre","992,002",""
"2004","Croatia","Motorways","Kilometre","742",""
"2004","Croatia","Other roads","Kilometre","27,602",""
"2004","Italy","Motorways","Kilometre","6,532",""
"2004","Italy","Other roads","Kilometre","168,820",""
"2004","Cyprus","Motorways","Kilometre","268",""
"2004","Cyprus","Other roads","Kilometre","11,791",""
"2004","Latvia","Motorways","Kilometre","0",""
"2004","Latvia","Other roads","Kilometre","59,047",""
"2004","Lithuania","Motorways","Kilometre","417",""
"2004","Lithuania","Other roads","Kilometre","78,914",""
"2004","Luxembourg","Motorways","Kilometre","146",""
"2004","Luxembourg","Other roads","Kilometre","2,876",""
"2004","Hungary","Motorways","Kilometre","761",""
"2004","Hungary","Other roads","Kilometre","185,818",""
"2004","Malta","Motorways","Kilometre",":","z"
"2004","Malta","Other roads","Kilometre","2,227",""
"2004","Netherlands","Motorways","Kilometre","2,584",""
"2004","Netherlands","Other roads","Kilometre","130,799",""
"2004","Austria","Motorways","Kilometre","1,670",""
"2004","Austria","Other roads","Kilometre","105,530",""
"2004","Poland","Motorways","Kilometre","552",""
"2004","Poland","Other roads","Kilometre","378,904",""
"2004","Portugal","Motorways","Kilometre","2,092",""
"2004","Portugal","Other roads","Kilometre",":",""
"2004","Romania","Motorways","Kilometre","228",""
"2004","Romania","Other roads","Kilometre","79,226",""
"2004","Slovenia","Motorways","Kilometre","483",""
"2004","Slovenia","Other roads","Kilometre","37,968",""
"2004","Slovakia","Motorways","Kilometre","322",""
"2004","Slovakia","Other roads","Kilometre","42,684",""
"2004","Finland","Motorways","Kilometre","653",""
"2004","Finland","Other roads","Kilometre","78,427",""
"2004","Sweden","Motorways","Kilometre","1,591",""
"2004","Sweden","Other roads","Kilometre","97,163",""
"2004","United Kingdom","Motorways","Kilometre","3,638",""
"2004","United Kingdom","Other roads","Kilometre","408,925",""
"2004","Liechtenstein","Motorways","Kilometre",":",""
"2004","Liechtenstein","Other roads","Kilometre","401",""
"2004","Norway","Motorways","Kilometre","264",""
"2004","Norway","Other roads","Kilometre","92,510",""
"2004","Switzerland","Motorways","Kilometre","1,341",""
"2004","Switzerland","Other roads","Kilometre","69,956",""
"2004","Turkey","Motorways","Kilometre","1,662",""
"2004","Turkey","Other roads","Kilometre","347,553",""
"2005","Belgium","Motorways","Kilometre","1,747",""
"2005","Belgium","Other roads","Kilometre",":",""
"2005","Bulgaria","Motorways","Kilometre","331",""
"2005","Bulgaria","Other roads","Kilometre","18,957",""
"2005","Czechia","Motorways","Kilometre","564",""
"2005","Czechia","Other roads","Kilometre","54,945",""
"2005","Denmark","Motorways","Kilometre",":",""
"2005","Denmark","Other roads","Kilometre",":",""
"2005","Germany (until 1990 former territory of the FRG)","Motorways","Kilometre","12,363",""
"2005","Germany (until 1990 former territory of the FRG)","Other roads","Kilometre","219,117",""
"2005","Estonia","Motorways","Kilometre","99",""
"2005","Estonia","Other roads","Kilometre","56,918",""
"2005","Ireland","Motorways","Kilometre","247",""
"2005","Ireland","Other roads","Kilometre","91,091",""
"2005","Greece","Motorways","Kilometre",":",""
"2005","Greece","Other roads","Kilometre",":",""
"2005","Spain","Motorways","Kilometre","11,432",""
"2005","Spain","Other roads","Kilometre","154,214",""
"2005","France","Motorways","Kilometre","10,801",""
"2005","France","Other roads","Kilometre","980,442",""
"2005","Croatia","Motorways","Kilometre","792",""
"2005","Croatia","Other roads","Kilometre","27,644",""
"2005","Italy","Motorways","Kilometre","6,542",""
"2005","Italy","Other roads","Kilometre","168,888",""
"2005","Cyprus","Motorways","Kilometre","276",""
"2005","Cyprus","Other roads","Kilometre","11,870",""
"2005","Latvia","Motorways","Kilometre","0",""
"2005","Latvia","Other roads","Kilometre","59,334",""
"2005","Lithuania","Motorways","Kilometre","417",""
"2005","Lithuania","Other roads","Kilometre","79,080",""
"2005","Luxembourg","Motorways","Kilometre","147",""
"2005","Luxembourg","Other roads","Kilometre","2,728",""
"2005","Hungary","Motorways","Kilometre","859",""
"2005","Hungary","Other roads","Kilometre","187,849",""
"2005","Malta","Motorways","Kilometre",":","z"
"2005","Malta","Other roads","Kilometre","2,227",""
"2005","Netherlands","Motorways","Kilometre","2,602",""
"2005","Netherlands","Other roads","Kilometre","131,616",""
"2005","Austria","Motorways","Kilometre","1,677",""
"2005","Austria","Other roads","Kilometre","105,663",""
"2005","Poland","Motorways","Kilometre","552",""
"2005","Poland","Other roads","Kilometre","381,463",""
"2005","Portugal","Motorways","Kilometre","2,341",""
"2005","Portugal","Other roads","Kilometre",":",""
"2005","Romania","Motorways","Kilometre","228",""
"2005","Romania","Other roads","Kilometre","79,676",""
"2005","Slovenia","Motorways","Kilometre","569",""
"2005","Slovenia","Other roads","Kilometre","37,916",""
"2005","Slovakia","Motorways","Kilometre","334",""
"2005","Slovakia","Other roads","Kilometre","43,417",""
"2005","Finland","Motorways","Kilometre","693",""
"2005","Finland","Other roads","Kilometre","78,417",""
"2005","Sweden","Motorways","Kilometre","1,685",""
"2005","Sweden","Other roads","Kilometre","98,491",""
"2005","United Kingdom","Motorways","Kilometre","3,633",""
"2005","United Kingdom","Other roads","Kilometre","409,375",""
"2005","Liechtenstein","Motorways","Kilometre",":",""
"2005","Liechtenstein","Other roads","Kilometre","401",""
"2005","Norway","Motorways","Kilometre","219",""
"2005","Norway","Other roads","Kilometre","92,863",""
"2005","Switzerland","Motorways","Kilometre","1,358",""
"2005","Switzerland","Other roads","Kilometre","69,938",""
"2005","Turkey","Motorways","Kilometre","1,775",""
"2005","Turkey","Other roads","Kilometre","347,571",""
"2006","Belgium","Motorways","Kilometre","1,763",""
"2006","Belgium","Other roads","Kilometre","117,314",""
"2006","Bulgaria","Motorways","Kilometre","394",""
"2006","Bulgaria","Other roads","Kilometre","18,979",""
"2006","Czechia","Motorways","Kilometre","633",""
"2006","Czechia","Other roads","Kilometre","54,952",""
"2006","Denmark","Motorways","Kilometre","1,071",""
"2006","Denmark","Other roads","Kilometre","71,334",""
"2006","Germany (until 1990 former territory of the FRG)","Motorways","Kilometre","12,531",""
"2006","Germany (until 1990 former territory of the FRG)","Other roads","Kilometre","218,828",""
"2006","Estonia","Motorways","Kilometre","99",""
"2006","Estonia","Other roads","Kilometre","57,480",""
"2006","Ireland","Motorways","Kilometre","270",""
"2006","Ireland","Other roads","Kilometre","96,015",""
"2006","Greece","Motorways","Kilometre",":",""
"2006","Greece","Other roads","Kilometre",":",""
"2006","Spain","Motorways","Kilometre","12,073",""
"2006","Spain","Other roads","Kilometre","154,266",""
"2006","France","Motorways","Kilometre","10,849",""
"2006","France","Other roads","Kilometre","1,003,144",""
"2006","Croatia","Motorways","Kilometre","1,081",""
"2006","Croatia","Other roads","Kilometre","27,707",""
"2006","Italy","Motorways","Kilometre","6,554",""
"2006","Italy","Other roads","Kilometre","169,745",""
"2006","Cyprus","Motorways","Kilometre","257",""
"2006","Cyprus","Other roads","Kilometre","12,023",""
"2006","Latvia","Motorways","Kilometre","0",""
"2006","Latvia","Other roads","Kilometre","59,180",""
"2006","Lithuania","Motorways","Kilometre","309",""
"2006","Lithuania","Other roads","Kilometre","79,675",""
"2006","Luxembourg","Motorways","Kilometre","147",""
"2006","Luxembourg","Other roads","Kilometre","2,728",""
"2006","Hungary","Motorways","Kilometre","1,065",""
"2006","Hungary","Other roads","Kilometre","190,850",""
"2006","Malta","Motorways","Kilometre",":","z"
"2006","Malta","Other roads","Kilometre","2,227",""
"2006","Netherlands","Motorways","Kilometre","2,603",""
"2006","Netherlands","Other roads","Kilometre","132,378",""
"2006","Austria","Motorways","Kilometre","1,677",""
"2006","Austria","Other roads","Kilometre","105,573",""
"2006","Poland","Motorways","Kilometre","663",""
"2006","Poland","Other roads","Kilometre","382,615",""
"2006","Portugal","Motorways","Kilometre","2,545",""
"2006","Portugal","Other roads","Kilometre",":",""
"2006","Romania","Motorways","Kilometre","228",""
"2006","Romania","Other roads","Kilometre","79,724",""
"2006","Slovenia","Motorways","Kilometre","579",""
"2006","Slovenia","Other roads","Kilometre","37,980",""
"2006","Slovakia","Motorways","Kilometre","334",""
"2006","Slovakia","Other roads","Kilometre","43,442",""
"2006","Finland","Motorways","Kilometre","700",""
"2006","Finland","Other roads","Kilometre","78,402",""
"2006","Sweden","Motorways","Kilometre","1,678",""
"2006","Sweden","Other roads","Kilometre","96,660",""
"2006","United Kingdom","Motorways","Kilometre","3,670",""
"2006","United Kingdom","Other roads","Kilometre","415,743",""
"2006","Liechtenstein","Motorways","Kilometre",":",""
"2006","Liechtenstein","Other roads","Kilometre","401",""
"2006","Norway","Motorways","Kilometre","222",""
"2006","Norway","Other roads","Kilometre","92,946",""
"2006","Switzerland","Motorways","Kilometre","1,361",""
"2006","Switzerland","Other roads","Kilometre","69,960",""
"2006","Turkey","Motorways","Kilometre","1,987",""
"2006","Turkey","Other roads","Kilometre","347,396",""
"2007","Belgium","Motorways","Kilometre","1,763",""
"2007","Belgium","Other roads","Kilometre","117,946",""
"2007","Bulgaria","Motorways","Kilometre","418",""
"2007","Bulgaria","Other roads","Kilometre","19,007",""
"2007","Czechia","Motorways","Kilometre","658",""
"2007","Czechia","Other roads","Kilometre","54,938",""
"2007","Denmark","Motorways","Kilometre","1,111",""
"2007","Denmark","Other roads","Kilometre","71,711",""
"2007","Germany (until 1990 former territory of the FRG)","Motorways","Kilometre","12,594",""
"2007","Germany (until 1990 former territory of the FRG)","Other roads","Kilometre","218,588",""
"2007","Estonia","Motorways","Kilometre","96",""
"2007","Estonia","Other roads","Kilometre","57,916",""
"2007","Ireland","Motorways","Kilometre","269",""
"2007","Ireland","Other roads","Kilometre","96,016",""
"2007","Greece","Motorways","Kilometre",":",""
"2007","Greece","Other roads","Kilometre",":",""
"2007","Spain","Motorways","Kilometre","13,013",""
"2007","Spain","Other roads","Kilometre","152,998",""
"2007","France","Motorways","Kilometre","10,958",""
"2007","France","Other roads","Kilometre","1,015,652",""
"2007","Croatia","Motorways","Kilometre","1,156",""
"2007","Croatia","Other roads","Kilometre","27,882",""
"2007","Italy","Motorways","Kilometre","6,588",""
"2007","Italy","Other roads","Kilometre","175,550",""
"2007","Cyprus","Motorways","Kilometre","257",""
"2007","Cyprus","Other roads","Kilometre","12,224",""
"2007","Latvia","Motorways","Kilometre","0",""
"2007","Latvia","Other roads","Kilometre","59,359",""
"2007","Lithuania","Motorways","Kilometre","309",""
"2007","Lithuania","Other roads","Kilometre","80,406",""
"2007","Luxembourg","Motorways","Kilometre","147",""
"2007","Luxembourg","Other roads","Kilometre","2,728",""
"2007","Hungary","Motorways","Kilometre","1,157",""
"2007","Hungary","Other roads","Kilometre","193,407",""
"2007","Malta","Motorways","Kilometre",":","z"
"2007","Malta","Other roads","Kilometre","3,096",""
"2007","Netherlands","Motorways","Kilometre","2,582",""
"2007","Netherlands","Other roads","Kilometre","135,470",""
"2007","Austria","Motorways","Kilometre","1,678",""
"2007","Austria","Other roads","Kilometre","105,532",""
"2007","Poland","Motorways","Kilometre","663",""
"2007","Poland","Other roads","Kilometre","382,391",""
"2007","Portugal","Motorways","Kilometre","2,613",""
"2007","Portugal","Other roads","Kilometre",":",""
"2007","Romania","Motorways","Kilometre","281",""
"2007","Romania","Other roads","Kilometre","80,612",""
"2007","Slovenia","Motorways","Kilometre","579",""
"2007","Slovenia","Other roads","Kilometre","38,128",""
"2007","Slovakia","Motorways","Kilometre","373",""
"2007","Slovakia","Other roads","Kilometre","43,452",""
"2007","Finland","Motorways","Kilometre","700",""
"2007","Finland","Other roads","Kilometre","78,376",""
"2007","Sweden","Motorways","Kilometre","1,836",""
"2007","Sweden","Other roads","Kilometre","211,686",""
"2007","United Kingdom","Motorways","Kilometre","3,674",""
"2007","United Kingdom","Other roads","Kilometre","416,324",""
"2007","Liechtenstein","Motorways","Kilometre",":",""
"2007","Liechtenstein","Other roads","Kilometre","401",""
"2007","Norway","Motorways","Kilometre","239",""
"2007","Norway","Other roads","Kilometre","92,869",""
"2007","Switzerland","Motorways","Kilometre","1,383",""
"2007","Switzerland","Other roads","Kilometre","69,987",""
"2007","Turkey","Motorways","Kilometre","1,987",""
"2007","Turkey","Other roads","Kilometre","348,800",""
"2008","Belgium","Motorways","Kilometre","1,763",""
"2008","Belgium","Other roads","Kilometre","118,353",""
"2008","Bulgaria","Motorways","Kilometre","418",""
"2008","Bulgaria","Other roads","Kilometre","19,017",""
"2008","Czechia","Motorways","Kilometre","691",""
"2008","Czechia","Other roads","Kilometre","54,963",""
"2008","Denmark","Motorways","Kilometre","1,128",""
"2008","Denmark","Other roads","Kilometre","71,825",""
"2008","Germany (until 1990 former territory of the FRG)","Motorways","Kilometre","12,645",""
"2008","Germany (until 1990 former territory of the FRG)","Other roads","Kilometre","218,354",""
"2008","Estonia","Motorways","Kilometre","104",""
"2008","Estonia","Other roads","Kilometre","58,295",""
"2008","Ireland","Motorways","Kilometre","423",""
"2008","Ireland","Other roads","Kilometre","96,016",""
"2008","Greece","Motorways","Kilometre",":",""
"2008","Greece","Other roads","Kilometre",":",""
"2008","Spain","Motorways","Kilometre","13,514",""
"2008","Spain","Other roads","Kilometre","151,578",""
"2008","France","Motorways","Kilometre","11,042",""
"2008","France","Other roads","Kilometre","1,016,749",""
"2008","Croatia","Motorways","Kilometre","1,199",""
"2008","Croatia","Other roads","Kilometre","28,050",""
"2008","Italy","Motorways","Kilometre","6,629",""
"2008","Italy","Other roads","Kilometre","177,076",""
"2008","Cyprus","Motorways","Kilometre","257",""
"2008","Cyprus","Other roads","Kilometre","12,299",""
"2008","Latvia","Motorways","Kilometre","0",""
"2008","Latvia","Other roads","Kilometre","59,225",""
"2008","Lithuania","Motorways","Kilometre","309",""
"2008","Lithuania","Other roads","Kilometre","80,721",""
"2008","Luxembourg","Motorways","Kilometre","147",""
"2008","Luxembourg","Other roads","Kilometre","2,894",""
"2008","Hungary","Motorways","Kilometre","1,274",""
"2008","Hungary","Other roads","Kilometre","194,986",""
"2008","Malta","Motorways","Kilometre",":","z"
"2008","Malta","Other roads","Kilometre","3,096",""
"2008","Netherlands","Motorways","Kilometre","2,583",""
"2008","Netherlands","Other roads","Kilometre","132,887",""
"2008","Austria","Motorways","Kilometre","1,696",""
"2008","Austria","Other roads","Kilometre","105,122",""
"2008","Poland","Motorways","Kilometre","765",""
"2008","Poland","Other roads","Kilometre","382,548",""
"2008","Portugal","Motorways","Kilometre","2,623",""
"2008","Portugal","Other roads","Kilometre",":",""
"2008","Romania","Motorways","Kilometre","281",""
"2008","Romania","Other roads","Kilometre","81,412",""
"2008","Slovenia","Motorways","Kilometre","696",""
"2008","Slovenia","Other roads","Kilometre","38,176",""
"2008","Slovakia","Motorways","Kilometre","393",""
"2008","Slovakia","Other roads","Kilometre","43,465",""
"2008","Finland","Motorways","Kilometre","739",""
"2008","Finland","Other roads","Kilometre","78,316",""
"2008","Sweden","Motorways","Kilometre","1,857",""
"2008","Sweden","Other roads","Kilometre","212,242",""
"2008","United Kingdom","Motorways","Kilometre","3,673",""
"2008","United Kingdom","Other roads","Kilometre","415,924",""
"2008","Liechtenstein","Motorways","Kilometre",":",""
"2008","Liechtenstein","Other roads","Kilometre","401",""
"2008","Norway","Motorways","Kilometre","258",""
"2008","Norway","Other roads","Kilometre","92,822",""
"2008","Switzerland","Motorways","Kilometre","1,383",""
"2008","Switzerland","Other roads","Kilometre","70,049",""
"2008","Turkey","Motorways","Kilometre","2,010",""
"2008","Turkey","Other roads","Kilometre","350,036",""
"2009","Belgium","Motorways","Kilometre","1,763",""
"2009","Belgium","Other roads","Kilometre","118,705",""
"2009","Bulgaria","Motorways","Kilometre","418",""
"2009","Bulgaria","Other roads","Kilometre","19,023",""
"2009","Czechia","Motorways","Kilometre","729",""
"2009","Czechia","Other roads","Kilometre","54,990",""
"2009","Denmark","Motorways","Kilometre","1,130",""
"2009","Denmark","Other roads","Kilometre","72,065",""
"2009","Germany (until 1990 former territory of the FRG)","Motorways","Kilometre","12,813",""
"2009","Germany (until 1990 former territory of the FRG)","Other roads","Kilometre","218,156",""
"2009","Estonia","Motorways","Kilometre","100",""
"2009","Estonia","Other roads","Kilometre","58,300",""
"2009","Ireland","Motorways","Kilometre","663",""
"2009","Ireland","Other roads","Kilometre","96,032",""
"2009","Greece","Motorways","Kilometre",":",""
"2009","Greece","Other roads","Kilometre",":",""
"2009","Spain","Motorways","Kilometre","14,023",""
"2009","Spain","Other roads","Kilometre","151,393",""
"2009","France","Motorways","Kilometre","11,163",""
"2009","France","Other roads","Kilometre","1,029,433",""
"2009","Croatia","Motorways","Kilometre","1,244",""
"2009","Croatia","Other roads","Kilometre","28,099",""
"2009","Italy","Motorways","Kilometre","6,661",""
"2009","Italy","Other roads","Kilometre","173,891",""
"2009","Cyprus","Motorways","Kilometre","257",""
"2009","Cyprus","Other roads","Kilometre","12,358",""
"2009","Latvia","Motorways","Kilometre","0",""
"2009","Latvia","Other roads","Kilometre","59,432",""
"2009","Lithuania","Motorways","Kilometre","309",""
"2009","Lithuania","Other roads","Kilometre","81,022",""
"2009","Luxembourg","Motorways","Kilometre","152",""
"2009","Luxembourg","Other roads","Kilometre","2,894",""
"2009","Hungary","Motorways","Kilometre","1,273",""
"2009","Hungary","Other roads","Kilometre","196,275",""
"2009","Malta","Motorways","Kilometre",":","z"
"2009","Malta","Other roads","Kilometre","3,096",""
"2009","Netherlands","Motorways","Kilometre","2,631",""
"2009","Netherlands","Other roads","Kilometre","134,196",""
"2009","Austria","Motorways","Kilometre","1,697",""
"2009","Austria","Other roads","Kilometre","108,508",""
"2009","Poland","Motorways","Kilometre","849",""
"2009","Poland","Other roads","Kilometre","383,981",""
"2009","Portugal","Motorways","Kilometre","2,705",""
"2009","Portugal","Other roads","Kilometre",":",""
"2009","Romania","Motorways","Kilometre","321",""
"2009","Romania","Other roads","Kilometre","81,392",""
"2009","Slovenia","Motorways","Kilometre","747",""
"2009","Slovenia","Other roads","Kilometre","38,178",""
"2009","Slovakia","Motorways","Kilometre","400",""
"2009","Slovakia","Other roads","Kilometre","43,488",""
"2009","Finland","Motorways","Kilometre","765",""
"2009","Finland","Other roads","Kilometre","78,314",""
"2009","Sweden","Motorways","Kilometre","1,923",""
"2009","Sweden","Other roads","Kilometre","212,088",""
"2009","United Kingdom","Motorways","Kilometre","3,674",""
"2009","United Kingdom","Other roads","Kilometre","415,921",""
"2009","Liechtenstein","Motorways","Kilometre",":",""
"2009","Liechtenstein","Other roads","Kilometre","401",""
"2009","Norway","Motorways","Kilometre","344",""
"2009","Norway","Other roads","Kilometre","93,347",""
"2009","Switzerland","Motorways","Kilometre","1,406",""
"2009","Switzerland","Other roads","Kilometre","70,051",""
"2009","Turkey","Motorways","Kilometre","2,036",""
"2009","Turkey","Other roads","Kilometre","360,624",""
"2010","Belgium","Motorways","Kilometre","1,763",""
"2010","Belgium","Other roads","Kilometre",":",""
"2010","Bulgaria","Motorways","Kilometre","437",""
"2010","Bulgaria","Other roads","Kilometre","19,019",""
"2010","Czechia","Motorways","Kilometre","734",""
"2010","Czechia","Other roads","Kilometre","55,018",""
"2010","Denmark","Motorways","Kilometre","1,130",""
"2010","Denmark","Other roads","Kilometre","72,661",""
"2010","Germany (until 1990 former territory of the FRG)","Motorways","Kilometre","12,819",""
"2010","Germany (until 1990 former territory of the FRG)","Other roads","Kilometre","217,963",""
"2010","Estonia","Motorways","Kilometre","115",""
"2010","Estonia","Other roads","Kilometre","58,300",""
"2010","Ireland","Motorways","Kilometre","900",""
"2010","Ireland","Other roads","Kilometre","96,405",""
"2010","Greece","Motorways","Kilometre",":",""
"2010","Greece","Other roads","Kilometre",":",""
"2010","Spain","Motorways","Kilometre","14,263",""
"2010","Spain","Other roads","Kilometre","151,521",""
"2010","France","Motorways","Kilometre","11,392",""
"2010","France","Other roads","Kilometre","1,038,149",""
"2010","Croatia","Motorways","Kilometre","1,244",""
"2010","Croatia","Other roads","Kilometre","28,089",""
"2010","Italy","Motorways","Kilometre","6,668",""
"2010","Italy","Other roads","Kilometre","179,752",""
"2010","Cyprus","Motorways","Kilometre","257",""
"2010","Cyprus","Other roads","Kilometre","12,461",""
"2010","Latvia","Motorways","Kilometre","0",""
"2010","Latvia","Other roads","Kilometre","58,926",""
"2010","Lithuania","Motorways","Kilometre","309",""
"2010","Lithuania","Other roads","Kilometre","81,822",""
"2010","Luxembourg","Motorways","Kilometre","152",""
"2010","Luxembourg","Other roads","Kilometre","2,894",""
"2010","Hungary","Motorways","Kilometre","1,477",""
"2010","Hungary","Other roads","Kilometre","198,091",""
"2010","Malta","Motorways","Kilometre",":","z"
"2010","Malta","Other roads","Kilometre","2,361",""
"2010","Netherlands","Motorways","Kilometre","2,646",""
"2010","Netherlands","Other roads","Kilometre","134,701",""
"2010","Austria","Motorways","Kilometre","1,719",""
"2010","Austria","Other roads","Kilometre","112,871",""
"2010","Poland","Motorways","Kilometre","857",""
"2010","Poland","Other roads","Kilometre","405,265",""
"2010","Portugal","Motorways","Kilometre","2,737",""
"2010","Portugal","Other roads","Kilometre",":",""
"2010","Romania","Motorways","Kilometre","332",""
"2010","Romania","Other roads","Kilometre","82,054",""
"2010","Slovenia","Motorways","Kilometre","771",""
"2010","Slovenia","Other roads","Kilometre","38,302",""
"2010","Slovakia","Motorways","Kilometre","427",""
"2010","Slovakia","Other roads","Kilometre","42,910",""
"2010","Finland","Motorways","Kilometre","779",""
"2010","Finland","Other roads","Kilometre","78,301",""
"2010","Sweden","Motorways","Kilometre","1,971",""
"2010","Sweden","Other roads","Kilometre","212,361",""
"2010","United Kingdom","Motorways","Kilometre","3,672",""
"2010","United Kingdom","Other roads","Kilometre","415,828",""
"2010","Liechtenstein","Motorways","Kilometre",":",""
"2010","Liechtenstein","Other roads","Kilometre","401",""
"2010","Norway","Motorways","Kilometre","381",""
"2010","Norway","Other roads","Kilometre","93,509",""
"2010","Switzerland","Motorways","Kilometre","1,406",""
"2010","Switzerland","Other roads","Kilometre","70,046",""
"2010","Turkey","Motorways","Kilometre","2,080",""
"2010","Turkey","Other roads","Kilometre","365,183",""
"2011","Belgium","Motorways","Kilometre","1,763",""
"2011","Belgium","Other roads","Kilometre",":",""
"2011","Bulgaria","Motorways","Kilometre","458",""
"2011","Bulgaria","Other roads","Kilometre","19,052",""
"2011","Czechia","Motorways","Kilometre","745",""
"2011","Czechia","Other roads","Kilometre","54,997",""
"2011","Denmark","Motorways","Kilometre","1,143",""
"2011","Denmark","Other roads","Kilometre","72,408",""
"2011","Germany (until 1990 former territory of the FRG)","Motorways","Kilometre","12,845",""
"2011","Germany (until 1990 former territory of the FRG)","Other roads","Kilometre","217,857",""
"2011","Estonia","Motorways","Kilometre","115",""
"2011","Estonia","Other roads","Kilometre","58,372",""
"2011","Ireland","Motorways","Kilometre","900",""
"2011","Ireland","Other roads","Kilometre","96,405",""
"2011","Greece","Motorways","Kilometre",":",""
"2011","Greece","Other roads","Kilometre",":",""
"2011","Spain","Motorways","Kilometre","14,555",""
"2011","Spain","Other roads","Kilometre","151,354",""
"2011","France","Motorways","Kilometre","11,413",""
"2011","France","Other roads","Kilometre","1,039,102",""
"2011","Croatia","Motorways","Kilometre","1,254",""
"2011","Croatia","Other roads","Kilometre","28,166",""
"2011","Italy","Motorways","Kilometre","6,668",""
"2011","Italy","Other roads","Kilometre","172,356",""
"2011","Cyprus","Motorways","Kilometre","257",""
"2011","Cyprus","Other roads","Kilometre","12,506",""
"2011","Latvia","Motorways","Kilometre","0",""
"2011","Latvia","Other roads","Kilometre","58,803",""
"2011","Lithuania","Motorways","Kilometre","309",""
"2011","Lithuania","Other roads","Kilometre","82,602",""
"2011","Luxembourg","Motorways","Kilometre","152",""
"2011","Luxembourg","Other roads","Kilometre","2,894",""
"2011","Hungary","Motorways","Kilometre","1,516",""
"2011","Hungary","Other roads","Kilometre","199,446",""
"2011","Malta","Motorways","Kilometre",":","z"
"2011","Malta","Other roads","Kilometre","2,361",""
"2011","Netherlands","Motorways","Kilometre","2,651",""
"2011","Netherlands","Other roads","Kilometre","135,041",""
"2011","Austria","Motorways","Kilometre","1,719",""
"2011","Austria","Other roads","Kilometre","122,786",""
"2011","Poland","Motorways","Kilometre","1,070",""
"2011","Poland","Other roads","Kilometre","411,194",""
"2011","Portugal","Motorways","Kilometre","2,737",""
"2011","Portugal","Other roads","Kilometre",":",""
"2011","Romania","Motorways","Kilometre","350",""
"2011","Romania","Other roads","Kilometre","83,388",""
"2011","Slovenia","Motorways","Kilometre","768",""
"2011","Slovenia","Other roads","Kilometre","38,208",""
"2011","Slovakia","Motorways","Kilometre","430",""
"2011","Slovakia","Other roads","Kilometre","42,960",""
"2011","Finland","Motorways","Kilometre","790",""
"2011","Finland","Other roads","Kilometre","78,267",""
"2011","Sweden","Motorways","Kilometre","1,958",""
"2011","Sweden","Other roads","Kilometre","212,549",""
"2011","United Kingdom","Motorways","Kilometre","3,686",""
"2011","United Kingdom","Other roads","Kilometre","415,983",""
"2011","Liechtenstein","Motorways","Kilometre",":",""
"2011","Liechtenstein","Other roads","Kilometre","401",""
"2011","Norway","Motorways","Kilometre","393",""
"2011","Norway","Other roads","Kilometre","93,754",""
"2011","Switzerland","Motorways","Kilometre","1,415",""
"2011","Switzerland","Other roads","Kilometre","70,049",""
"2011","Turkey","Motorways","Kilometre","2,119",""
"2011","Turkey","Other roads","Kilometre","368,157",""
"2012","Belgium","Motorways","Kilometre","1,763",""
"2012","Belgium","Other roads","Kilometre",":",""
"2012","Bulgaria","Motorways","Kilometre","541",""
"2012","Bulgaria","Other roads","Kilometre","19,061",""
"2012","Czechia","Motorways","Kilometre","751",""
"2012","Czechia","Other roads","Kilometre","54,965",""
"2012","Denmark","Motorways","Kilometre","1,195",""
"2012","Denmark","Other roads","Kilometre","72,537",""
"2012","Germany (until 1990 former territory of the FRG)","Motorways","Kilometre","12,879",""
"2012","Germany (until 1990 former territory of the FRG)","Other roads","Kilometre","217,638",""
"2012","Estonia","Motorways","Kilometre","124",""
"2012","Estonia","Other roads","Kilometre","58,644",""
"2012","Ireland","Motorways","Kilometre","900",""
"2012","Ireland","Other roads","Kilometre","96,405",""
"2012","Greece","Motorways","Kilometre",":",""
"2012","Greece","Other roads","Kilometre",":",""
"2012","Spain","Motorways","Kilometre","14,703",""
"2012","Spain","Other roads","Kilometre","150,891",""
"2012","France","Motorways","Kilometre","11,413",""
"2012","France","Other roads","Kilometre","1,053,939",""
"2012","Croatia","Motorways","Kilometre","1,254",""
"2012","Croatia","Other roads","Kilometre","25,436",""
"2012","Italy","Motorways","Kilometre","6,726",""
"2012","Italy","Other roads","Kilometre","247,004",""
"2012","Cyprus","Motorways","Kilometre","257",""
"2012","Cyprus","Other roads","Kilometre","12,549",""
"2012","Latvia","Motorways","Kilometre","0",""
"2012","Latvia","Other roads","Kilometre","58,566",""
"2012","Lithuania","Motorways","Kilometre","309",""
"2012","Lithuania","Other roads","Kilometre","83,857",""
"2012","Luxembourg","Motorways","Kilometre","152",""
"2012","Luxembourg","Other roads","Kilometre","2,894",""
"2012","Hungary","Motorways","Kilometre","1,515",""
"2012","Hungary","Other roads","Kilometre","199,440",""
"2012","Malta","Motorways","Kilometre",":","z"
"2012","Malta","Other roads","Kilometre","2,361",""
"2012","Netherlands","Motorways","Kilometre","2,658",""
"2012","Netherlands","Other roads","Kilometre","136,637",""
"2012","Austria","Motorways","Kilometre","1,719",""
"2012","Austria","Other roads","Kilometre","122,869",""
"2012","Poland","Motorways","Kilometre","1,365",""
"2012","Poland","Other roads","Kilometre","410,670",""
"2012","Portugal","Motorways","Kilometre","2,988",""
"2012","Portugal","Other roads","Kilometre",":",""
"2012","Romania","Motorways","Kilometre","550",""
"2012","Romania","Other roads","Kilometre","83,635",""
"2012","Slovenia","Motorways","Kilometre","768",""
"2012","Slovenia","Other roads","Kilometre","38,218",""
"2012","Slovakia","Motorways","Kilometre","432",""
"2012","Slovakia","Other roads","Kilometre","42,963",""
"2012","Finland","Motorways","Kilometre","780",""
"2012","Finland","Other roads","Kilometre","78,352",""
"2012","Sweden","Motorways","Kilometre","2,004",""
"2012","Sweden","Other roads","Kilometre","213,648",""
"2012","United Kingdom","Motorways","Kilometre","3,733",""
"2012","United Kingdom","Other roads","Kilometre","416,614",""
"2012","Liechtenstein","Motorways","Kilometre",":",""
"2012","Liechtenstein","Other roads","Kilometre","401",""
"2012","Norway","Motorways","Kilometre","393",""
"2012","Norway","Other roads","Kilometre","93,870",""
"2012","Switzerland","Motorways","Kilometre","1,419",""
"2012","Switzerland","Other roads","Kilometre","70,094",""
"2012","Turkey","Motorways","Kilometre","2,127",""
"2012","Turkey","Other roads","Kilometre","383,621",""
"2013","Belgium","Motorways","Kilometre","1,763",""
"2013","Belgium","Other roads","Kilometre",":",""
"2013","Bulgaria","Motorways","Kilometre","605",""
"2013","Bulgaria","Other roads","Kilometre","19,073",""
"2013","Czechia","Motorways","Kilometre","776",""
"2013","Czechia","Other roads","Kilometre","54,985",""
"2013","Denmark","Motorways","Kilometre","1,216",""
"2013","Denmark","Other roads","Kilometre","72,800",""
"2013","Germany (until 1990 former territory of the FRG)","Motorways","Kilometre","12,917",""
"2013","Germany (until 1990 former territory of the FRG)","Other roads","Kilometre","217,460",""
"2013","Estonia","Motorways","Kilometre","140",""
"2013","Estonia","Other roads","Kilometre","58,827",""
"2013","Ireland","Motorways","Kilometre","897",""
"2013","Ireland","Other roads","Kilometre","96,405",""
"2013","Greece","Motorways","Kilometre",":",""
"2013","Greece","Other roads","Kilometre",":",""
"2013","Spain","Motorways","Kilometre","14,981",""
"2013","Spain","Other roads","Kilometre","150,380",""
"2013","France","Motorways","Kilometre","11,552",""
"2013","France","Other roads","Kilometre","1,070,845",""
"2013","Croatia","Motorways","Kilometre","1,289",""
"2013","Croatia","Other roads","Kilometre","25,526",""
"2013","Italy","Motorways","Kilometre","6,751",""
"2013","Italy","Other roads","Kilometre","249,288",""
"2013","Cyprus","Motorways","Kilometre","257",""
"2013","Cyprus","Other roads","Kilometre","12,590",""
"2013","Latvia","Motorways","Kilometre","0",""
"2013","Latvia","Other roads","Kilometre","58,573",""
"2013","Lithuania","Motorways","Kilometre","309",""
"2013","Lithuania","Other roads","Kilometre","84,159",""
"2013","Luxembourg","Motorways","Kilometre","152",""
"2013","Luxembourg","Other roads","Kilometre","2,899",""
"2013","Hungary","Motorways","Kilometre","1,562",""
"2013","Hungary","Other roads","Kilometre","201,747",""
"2013","Malta","Motorways","Kilometre",":",""
"2013","Malta","Other roads","Kilometre","2,410",""
"2013","Netherlands","Motorways","Kilometre","2,666",""
"2013","Netherlands","Other roads","Kilometre","135,533",""
"2013","Austria","Motorways","Kilometre","1,719",""
"2013","Austria","Other roads","Kilometre","122,873",""
"2013","Poland","Motorways","Kilometre","1,482",""
"2013","Poland","Other roads","Kilometre","413,651",""
"2013","Portugal","Motorways","Kilometre","3,065",""
"2013","Portugal","Other roads","Kilometre",":",""
"2013","Romania","Motorways","Kilometre","644",""
"2013","Romania","Other roads","Kilometre","84,065",""
"2013","Slovenia","Motorways","Kilometre","770",""
"2013","Slovenia","Other roads","Kilometre","38,104",""
"2013","Slovakia","Motorways","Kilometre","425",""
"2013","Slovakia","Other roads","Kilometre","54,399",""
"2013","Finland","Motorways","Kilometre","810",""
"2013","Finland","Other roads","Kilometre","78,427",""
"2013","Sweden","Motorways","Kilometre","2,044",""
"2013","Sweden","Other roads","Kilometre","212,836",""
"2013","United Kingdom","Motorways","Kilometre","3,756",""
"2013","United Kingdom","Other roads","Kilometre","417,193",""
"2013","Liechtenstein","Motorways","Kilometre",":",""
"2013","Liechtenstein","Other roads","Kilometre","401",""
"2013","Norway","Motorways","Kilometre","435",""
"2013","Norway","Other roads","Kilometre","93,985",""
"2013","Switzerland","Motorways","Kilometre","1,419",""
"2013","Switzerland","Other roads","Kilometre","70,108",""
"2013","Turkey","Motorways","Kilometre","2,244",""
"2013","Turkey","Other roads","Kilometre","386,539",""
"2014","Belgium","Motorways","Kilometre","1,763",""
"2014","Belgium","Other roads","Kilometre",":",""
"2014","Bulgaria","Motorways","Kilometre","610",""
"2014","Bulgaria","Other roads","Kilometre","19,118",""
"2014","Czechia","Motorways","Kilometre","776",""
"2014","Czechia","Other roads","Kilometre","54,972",""
"2014","Denmark","Motorways","Kilometre","1,232",""
"2014","Denmark","Other roads","Kilometre","72,864",""
"2014","Germany (until 1990 former territory of the FRG)","Motorways","Kilometre","12,949",""
"2014","Germany (until 1990 former territory of the FRG)","Other roads","Kilometre","217,198",""
"2014","Estonia","Motorways","Kilometre","141",""
"2014","Estonia","Other roads","Kilometre","58,984",""
"2014","Ireland","Motorways","Kilometre","897",""
"2014","Ireland","Other roads","Kilometre","96,405",""
"2014","Greece","Motorways","Kilometre",":",""
"2014","Greece","Other roads","Kilometre",":",""
"2014","Spain","Motorways","Kilometre","15,051",""
"2014","Spain","Other roads","Kilometre","151,233",""
"2014","France","Motorways","Kilometre","11,469",""
"2014","France","Other roads","Kilometre","1,070,862",""
"2014","Croatia","Motorways","Kilometre","1,290",""
"2014","Croatia","Other roads","Kilometre","25,488",""
"2014","Italy","Motorways","Kilometre","6,844",""
"2014","Italy","Other roads","Kilometre","248,847",""
"2014","Cyprus","Motorways","Kilometre","257",""
"2014","Cyprus","Other roads","Kilometre","12,605",""
"2014","Latvia","Motorways","Kilometre","0",""
"2014","Latvia","Other roads","Kilometre","58,628",""
"2014","Lithuania","Motorways","Kilometre","309",""
"2014","Lithuania","Other roads","Kilometre","84,725",""
"2014","Luxembourg","Motorways","Kilometre","152",""
"2014","Luxembourg","Other roads","Kilometre","2,899",""
"2014","Hungary","Motorways","Kilometre","1,577",""
"2014","Hungary","Other roads","Kilometre","202,480",""
"2014","Malta","Motorways","Kilometre",":","z"
"2014","Malta","Other roads","Kilometre","2,854",""
"2014","Netherlands","Motorways","Kilometre","2,678",""
"2014","Netherlands","Other roads","Kilometre","135,963",""
"2014","Austria","Motorways","Kilometre","1,719",""
"2014","Austria","Other roads","Kilometre","122,869",""
"2014","Poland","Motorways","Kilometre","1,556",""
"2014","Poland","Other roads","Kilometre","415,470",""
"2014","Portugal","Motorways","Kilometre","3,065",""
"2014","Portugal","Other roads","Kilometre",":",""
"2014","Romania","Motorways","Kilometre","683",""
"2014","Romania","Other roads","Kilometre","84,501",""
"2014","Slovenia","Motorways","Kilometre","770",""
"2014","Slovenia","Other roads","Kilometre","38,114",""
"2014","Slovakia","Motorways","Kilometre","421",""
"2014","Slovakia","Other roads","Kilometre","54,394",""
"2014","Finland","Motorways","Kilometre","882",""
"2014","Finland","Other roads","Kilometre","79,174",""
"2014","Sweden","Motorways","Kilometre","2,088",""
"2014","Sweden","Other roads","Kilometre","212,964",""
"2014","United Kingdom","Motorways","Kilometre","3,760",""
"2014","United Kingdom","Other roads","Kilometre","417,368",""
"2014","Liechtenstein","Motorways","Kilometre",":",""
"2014","Liechtenstein","Other roads","Kilometre","401",""
"2014","Norway","Motorways","Kilometre",":",""
"2014","Norway","Other roads","Kilometre","94,057",""
"2014","Switzerland","Motorways","Kilometre","1,430",""
"2014","Switzerland","Other roads","Kilometre","69,730",""
"2014","Turkey","Motorways","Kilometre","2,278",""
"2014","Turkey","Other roads","Kilometre","234,516",""
"2015","Belgium","Motorways","Kilometre","1,763",""
"2015","Belgium","Other roads","Kilometre",":",""
"2015","Bulgaria","Motorways","Kilometre","734",""
"2015","Bulgaria","Other roads","Kilometre","19,119",""
"2015","Czechia","Motorways","Kilometre","776",""
"2015","Czechia","Other roads","Kilometre","54,961",""
"2015","Denmark","Motorways","Kilometre","1,237",""
"2015","Denmark","Other roads","Kilometre","72,882",""
"2015","Germany (until 1990 former territory of the FRG)","Motorways","Kilometre","12,993",""
"2015","Germany (until 1990 former territory of the FRG)","Other roads","Kilometre","217,089",""
"2015","Estonia","Motorways","Kilometre","147",""
"2015","Estonia","Other roads","Kilometre","58,828",""
"2015","Ireland","Motorways","Kilometre","916",""
"2015","Ireland","Other roads","Kilometre","98,898",""
"2015","Greece","Motorways","Kilometre",":",""
"2015","Greece","Other roads","Kilometre",":",""
"2015","Spain","Motorways","Kilometre","15,338",""
"2015","Spain","Other roads","Kilometre","150,663",""
"2015","France","Motorways","Kilometre","11,599",""
"2015","France","Other roads","Kilometre","1,077,004",""
"2015","Croatia","Motorways","Kilometre","1,310",""
"2015","Croatia","Other roads","Kilometre","25,396",""
"2015","Italy","Motorways","Kilometre","6,943",""
"2015","Italy","Other roads","Kilometre","252,078",""
"2015","Cyprus","Motorways","Kilometre","272",""
"2015","Cyprus","Other roads","Kilometre","12,614",""
"2015","Latvia","Motorways","Kilometre","0",""
"2015","Latvia","Other roads","Kilometre","58,243",""
"2015","Lithuania","Motorways","Kilometre","309",""
"2015","Lithuania","Other roads","Kilometre","84,624",""
"2015","Luxembourg","Motorways","Kilometre","161",""
"2015","Luxembourg","Other roads","Kilometre","2,908",""
"2015","Hungary","Motorways","Kilometre","1,621",""
"2015","Hungary","Other roads","Kilometre","203,260",""
"2015","Malta","Motorways","Kilometre",":","z"
"2015","Malta","Other roads","Kilometre","2,854",""
"2015","Netherlands","Motorways","Kilometre","2,730",""
"2015","Netherlands","Other roads","Kilometre","136,182",""
"2015","Austria","Motorways","Kilometre","1,719",""
"2015","Austria","Other roads","Kilometre","131,878",""
"2015","Poland","Motorways","Kilometre","1,556",""
"2015","Poland","Other roads","Kilometre","417,026",""
"2015","Portugal","Motorways","Kilometre","3,065",""
"2015","Portugal","Other roads","Kilometre",":",""
"2015","Romania","Motorways","Kilometre","747",""
"2015","Romania","Other roads","Kilometre","85,173",""
"2015","Slovenia","Motorways","Kilometre","773",""
"2015","Slovenia","Other roads","Kilometre","38,896",""
"2015","Slovakia","Motorways","Kilometre","465",""
"2015","Slovakia","Other roads","Kilometre","56,450",""
"2015","Finland","Motorways","Kilometre","882",""
"2015","Finland","Other roads","Kilometre","78,208",""
"2015","Sweden","Motorways","Kilometre","2,119",""
"2015","Sweden","Other roads","Kilometre","212,972",""
"2015","United Kingdom","Motorways","Kilometre","3,768",""
"2015","United Kingdom","Other roads","Kilometre","417,606",""
"2015","Liechtenstein","Motorways","Kilometre",":",""
"2015","Liechtenstein","Other roads","Kilometre","401",""
"2015","Norway","Motorways","Kilometre","506",""
"2015","Norway","Other roads","Kilometre","94,450",""
"2015","Switzerland","Motorways","Kilometre",":",""
"2015","Switzerland","Other roads","Kilometre",":",""
"2015","Turkey","Motorways","Kilometre","2,282",""
"2015","Turkey","Other roads","Kilometre","236,617",""
"2016","Belgium","Motorways","Kilometre","1,763",""
"2016","Belgium","Other roads","Kilometre",":",""
"2016","Bulgaria","Motorways","Kilometre","740",""
"2016","Bulgaria","Other roads","Kilometre","19,162",""
"2016","Czechia","Motorways","Kilometre","1,223",""
"2016","Czechia","Other roads","Kilometre","54,535",""
"2016","Denmark","Motorways","Kilometre","1,255",""
"2016","Denmark","Other roads","Kilometre","72,926",""
"2016","Germany (until 1990 former territory of the FRG)","Motorways","Kilometre","12,996",""
"2016","Germany (until 1990 former territory of the FRG)","Other roads","Kilometre","216,974",""
"2016","Estonia","Motorways","Kilometre","145",""
"2016","Estonia","Other roads","Kilometre","58,936",""
"2016","Ireland","Motorways","Kilometre","916",""
"2016","Ireland","Other roads","Kilometre","97,982",""
"2016","Greece","Motorways","Kilometre",":",""
"2016","Greece","Other roads","Kilometre",":",""
"2016","Spain","Motorways","Kilometre","15,445",""
"2016","Spain","Other roads","Kilometre","150,038",""
"2016","France","Motorways","Kilometre","11,613",""
"2016","France","Other roads","Kilometre","1,086,613",""
"2016","Croatia","Motorways","Kilometre","1,310",""
"2016","Croatia","Other roads","Kilometre","25,444",""
"2016","Italy","Motorways","Kilometre",":",""
"2016","Italy","Other roads","Kilometre",":",""
"2016","Cyprus","Motorways","Kilometre","272",""
"2016","Cyprus","Other roads","Kilometre","12,629",""
"2016","Latvia","Motorways","Kilometre","0",""
"2016","Latvia","Other roads","Kilometre","58,416",""
"2016","Lithuania","Motorways","Kilometre","314",""
"2016","Lithuania","Other roads","Kilometre","83,415",""
"2016","Luxembourg","Motorways","Kilometre","161",""
"2016","Luxembourg","Other roads","Kilometre","2,908",""
"2016","Hungary","Motorways","Kilometre","1,628",""
"2016","Hungary","Other roads","Kilometre","204,957",""
"2016","Malta","Motorways","Kilometre",":","z"
"2016","Malta","Other roads","Kilometre","2,855",""
"2016","Netherlands","Motorways","Kilometre","2,756",""
"2016","Netherlands","Other roads","Kilometre","136,368",""
"2016","Austria","Motorways","Kilometre","1,719",""
"2016","Austria","Other roads","Kilometre","132,292",""
"2016","Poland","Motorways","Kilometre","1,559",""
"2016","Poland","Other roads","Kilometre","418,077",""
"2016","Portugal","Motorways","Kilometre","3,065",""
"2016","Portugal","Other roads","Kilometre",":",""
"2016","Romania","Motorways","Kilometre","747",""
"2016","Romania","Other roads","Kilometre","85,333",""
"2016","Slovenia","Motorways","Kilometre","773",""
"2016","Slovenia","Other roads","Kilometre","38,896",""
"2016","Slovakia","Motorways","Kilometre","464",""
"2016","Slovakia","Other roads","Kilometre","56,461",""
"2016","Finland","Motorways","Kilometre","890",""
"2016","Finland","Other roads","Kilometre","78,195",""
"2016","Sweden","Motorways","Kilometre","2,118",""
"2016","Sweden","Other roads","Kilometre","212,787",""
"2016","United Kingdom","Motorways","Kilometre","3,764",""
"2016","United Kingdom","Other roads","Kilometre","418,546",""
"2016","Liechtenstein","Motorways","Kilometre",":",""
"2016","Liechtenstein","Other roads","Kilometre","401",""
"2016","Norway","Motorways","Kilometre","506",""
"2016","Norway","Other roads","Kilometre","94,626",""
"2016","Switzerland","Motorways","Kilometre",":",""
"2016","Switzerland","Other roads","Kilometre",":",""
"2016","Turkey","Motorways","Kilometre","2,542",""
"2016","Turkey","Other roads","Kilometre","240,048",""
